DINNER,banquet
DINNER,breakfast
DINNER,cookbook
DINNER,dessert
DINNER,dine
DINNER,diner
DINNER,dishes
DINNER,elegant
DINNER,feast
DINNER,frozen
DINNER,gourmet
DINNER,lunch
DINNER,meal
DINNER,napkin
DINNER,plate
DINNER,plates
DINNER,prepare
DINNER,reservation
DINNER,restaurant
DINNER,silverware
DINNER,steak
DINNER,stew
DINNER,supper
DINNER,thanksgiving
DINNER,wine
CHEMISTRY,beaker
CHEMISTRY,biology
CHEMISTRY,chemical
CHEMISTRY,components
CHEMISTRY,compound
CHEMISTRY,electron
CHEMISTRY,element
CHEMISTRY,elements
CHEMISTRY,experiment
CHEMISTRY,flask
CHEMISTRY,formula
CHEMISTRY,lab
CHEMISTRY,mixture
CHEMISTRY,molecule
CHEMISTRY,neutron
CHEMISTRY,nitrogen
CHEMISTRY,peroxide
CHEMISTRY,physics
CHEMISTRY,proton
CHEMISTRY,science
CHEMISTRY,scientific
CHEMISTRY,scientist
CHEMISTRY,solution
CHEMISTRY,substance
CHEMISTRY,test tube
DANGER,barracuda
DANGER,beware
DANGER,caution
DANGER,cautious
DANGER,crisis
DANGER,daring
DANGER,dynamite
DANGER,extreme
DANGER,harm
DANGER,hazard
DANGER,help
DANGER,hitchhike
DANGER,jeopardy
DANGER,motorcycle
DANGER,poison
DANGER,risk
DANGER,safe
DANGER,safety
DANGER,shark
DANGER,stranger
DANGER,threat
DANGER,trouble
DANGER,warn
DANGER,warning
DANGER,zone
BEAUTIFUL,america
BEAUTIFUL,attractive
BEAUTIFUL,bold
BEAUTIFUL,butterfly
BEAUTIFUL,elegant
BEAUTIFUL,extravagant
BEAUTIFUL,flowers
BEAUTIFUL,girls
BEAUTIFUL,goddess
BEAUTIFUL,gorgeous
BEAUTIFUL,graceful
BEAUTIFUL,hawaii
BEAUTIFUL,landscape
BEAUTIFUL,model
BEAUTIFUL,poem
BEAUTIFUL,poetry
BEAUTIFUL,pretty
BEAUTIFUL,princess
BEAUTIFUL,rainbow
BEAUTIFUL,scenery
BEAUTIFUL,sunrise
BEAUTIFUL,sunset
BEAUTIFUL,swan
BEAUTIFUL,waterfall
BEAUTIFUL,wonderful
FAMILY,ancestor
FAMILY,background
FAMILY,caravan
FAMILY,cousin
FAMILY,disown
FAMILY,feud
FAMILY,friends
FAMILY,gathering
FAMILY,grandpa
FAMILY,grandparents
FAMILY,heritage
FAMILY,holiday
FAMILY,home
FAMILY,house
FAMILY,kin
FAMILY,living room
FAMILY,nephew
FAMILY,parents
FAMILY,relation
FAMILY,relative
FAMILY,royal
FAMILY,support
FAMILY,tradition
FAMILY,vacation
FAMILY,visit
POLITICS,campaign
POLITICS,candidate
POLITICS,congress
POLITICS,corrupt
POLITICS,crooked
POLITICS,democracy
POLITICS,democrat
POLITICS,discourse
POLITICS,divisive
POLITICS,election
POLITICS,government
POLITICS,governor
POLITICS,ideology
POLITICS,leadership
POLITICS,legislature
POLITICS,liberal
POLITICS,mayor
POLITICS,partisanship
POLITICS,populism
POLITICS,president
POLITICS,republic
POLITICS,republican
POLITICS,senate
POLITICS,senator
POLITICS,vote
CEREAL,banana
CEREAL,bowl
CEREAL,bran
CEREAL,brand
CEREAL,breakfast
CEREAL,chocolate
CEREAL,cocoa
CEREAL,corn
CEREAL,crackle
CEREAL,crisp
CEREAL,crunch
CEREAL,crunchy
CEREAL,fiber
CEREAL,flake
CEREAL,food
CEREAL,frosted
CEREAL,grain
CEREAL,milk
CEREAL,oatmeal
CEREAL,oats
CEREAL,raisin
CEREAL,snack
CEREAL,sugar
CEREAL,wheat
CEREAL,yogurt
COLLEGE,academic
COLLEGE,admission
COLLEGE,baccalaureate
COLLEGE,campus
COLLEGE,career
COLLEGE,degree
COLLEGE,diploma
COLLEGE,educate
COLLEGE,education
COLLEGE,graduate
COLLEGE,graduation
COLLEGE,high school
COLLEGE,junior
COLLEGE,matriculate
COLLEGE,postgrad
COLLEGE,premedical
COLLEGE,prep
COLLEGE,professor
COLLEGE,scholarship
COLLEGE,school
COLLEGE,semester
COLLEGE,student
COLLEGE,tuition
COLLEGE,undergrad
COLLEGE,university
DRIVER,ambulance
DRIVER,bus
DRIVER,cab
DRIVER,cabbie
DRIVER,career
DRIVER,careless
DRIVER,chauffer
DRIVER,control
DRIVER,crash
DRIVER,cyclist
DRIVER,license
DRIVER,limousine
DRIVER,motorist
DRIVER,operator
DRIVER,passenger
DRIVER,pilot
DRIVER,racer
DRIVER,reckless
DRIVER,rider
DRIVER,screw
DRIVER,speeding
DRIVER,taxi
DRIVER,truck
DRIVER,vehicle
DRIVER,wheel
FOREST,bear
FOREST,boreal
FOREST,conifer
FOREST,deer
FOREST,dense
FOREST,glade
FOREST,habitat
FOREST,jungle
FOREST,loggers
FOREST,mangrove
FOREST,nature
FOREST,pine
FOREST,pine
FOREST,raccoon
FOREST,redwood
FOREST,thicket
FOREST,timber
FOREST,trail
FOREST,trees
FOREST,tropical
FOREST,vegetation
FOREST,wetland
FOREST,wilderness
FOREST,wildlife
FOREST,woods
STRESS,anxiety
STRESS,boredom
STRESS,burden
STRESS,cortisol
STRESS,crisis
STRESS,depression
STRESS,duress
STRESS,exhaustion
STRESS,fatigue
STRESS,frustration
STRESS,headache
STRESS,hectic
STRESS,nerves
STRESS,overwhelm
STRESS,pain
STRESS,pressure
STRESS,strain
STRESS,tense
STRESS,tension
STRESS,test
STRESS,tired
STRESS,trauma
STRESS,ulcer
STRESS,uptight
STRESS,worry
WORKER,boss
WORKER,builder
WORKER,construction
WORKER,contractor
WORKER,digger
WORKER,electrician
WORKER,employee
WORKER,employer
WORKER,engineer
WORKER,factory
WORKER,foreman
WORKER,janitor
WORKER,laborer
WORKER,management
WORKER,mason
WORKER,mechanic
WORKER,miner
WORKER,nurse
WORKER,operator
WORKER,personnel
WORKER,receptionist
WORKER,staffer
WORKER,supervisor
WORKER,technician
WORKER,welder
BREAKFAST,bacon
BREAKFAST,bagel
BREAKFAST,brunch
BREAKFAST,cereal
BREAKFAST,coffee
BREAKFAST,croissant
BREAKFAST,dinner
BREAKFAST,doughnut
BREAKFAST,eggs
BREAKFAST,flapjacks
BREAKFAST,food
BREAKFAST,grit
BREAKFAST,lunch
BREAKFAST,meal
BREAKFAST,morning
BREAKFAST,muffins
BREAKFAST,oatmeal
BREAKFAST,oats
BREAKFAST,omelet
BREAKFAST,orange juice
BREAKFAST,pancakes
BREAKFAST,quiche
BREAKFAST,sandwiches
BREAKFAST,sausage
BREAKFAST,snack
FOREVER,always
FOREVER,awhile
FOREVER,commitment
FOREVER,destiny
FOREVER,endless
FOREVER,eons
FOREVER,eternal
FOREVER,eternity
FOREVER,everlasting
FOREVER,fated
FOREVER,friends
FOREVER,frienship
FOREVER,generations
FOREVER,gone
FOREVER,immortal
FOREVER,indefinetely
FOREVER,infinite
FOREVER,infinity
FOREVER,lasting
FOREVER,long
FOREVER,love
FOREVER,never
FOREVER,permanent
FOREVER,perpetuity
FOREVER,promise
MEETING,adjourn
MEETING,agenda
MEETING,appointment
MEETING,attend
MEETING,breifing
MEETING,chairperson
MEETING,committee
MEETING,conference
MEETING,convene
MEETING,discussion
MEETING,forum
MEETING,gathering
MEETING,group
MEETING,hearing
MEETING,luncheon
MEETING,negotiation
MEETING,people
MEETING,place
MEETING,presentation
MEETING,seminar
MEETING,session
MEETING,staff
MEETING,summit
MEETING,symposium
MEETING,workshop
MORNING,afternoon
MORNING,alarm
MORNING,awoke
MORNING,breakfast
MORNING,coffee
MORNING,dawn
MORNING,day
MORNING,daybreak
MORNING,dew
MORNING,early
MORNING,evening
MORNING,groggy
MORNING,haze
MORNING,monday
MORNING,noon
MORNING,oatmeal
MORNING,orange juice
MORNING,rooster
MORNING,sleepy
MORNING,sun
MORNING,sunrise
MORNING,today
MORNING,tomorrow
MORNING,wake
MORNING,yesterday
STICKY,candy
STICKY,flypaper
STICKY,gelatinous
STICKY,glue
STICKY,goo
STICKY,goopy
STICKY,greasy
STICKY,gum
STICKY,hairspray
STICKY,honey
STICKY,humid
STICKY,icky
STICKY,mess
STICKY,prickly
STICKY,sap
STICKY,slimy
STICKY,slimy
STICKY,slippery
STICKY,squishy
STICKY,sticker
STICKY,stuck
STICKY,syrup
STICKY,waxy
STICKY,wet
STICKY,yuck
FLOWER,bloom
FLOWER,blossom
FLOWER,bud
FLOWER,bunch
FLOWER,daisy
FLOWER,dandelion
FLOWER,garden
FLOWER,lily
FLOWER,meadow
FLOWER,orchard
FLOWER,orchid
FLOWER,pedal
FLOWER,petals
FLOWER,piston
FLOWER,plant
FLOWER,rose
FLOWER,seed
FLOWER,spring
FLOWER,stem
FLOWER,tulip
FLOWER,turnip
FLOWER,vase
FLOWER,viola
FLOWER,violet
FLOWER,weed
CLOTHES,article
CLOTHES,attire
CLOTHES,closet
CLOTHES,cloth
CLOTHES,costume
CLOTHES,designer
CLOTHES,detergent
CLOTHES,drawer
CLOTHES,dresser
CLOTHES,dryer
CLOTHES,fad
CLOTHES,fashion
CLOTHES,hamper
CLOTHES,hanger
CLOTHES,iron
CLOTHES,laundry
CLOTHES,line
CLOTHES,outfit
CLOTHES,polyester
CLOTHES,sale
CLOTHES,sew
CLOTHES,suitcase
CLOTHES,wardrobe
CLOTHES,wash
CLOTHES,wear
FRIEND,associate
FRIEND,buddy
FRIEND,companion
FRIEND,company
FRIEND,enemy
FRIEND,family
FRIEND,fellow
FRIEND,foe
FRIEND,guest
FRIEND,lover
FRIEND,loyal
FRIEND,loyalty
FRIEND,mate
FRIEND,neighbor
FRIEND,pal
FRIEND,partner
FRIEND,peer
FRIEND,people
FRIEND,relation
FRIEND,roommate
FRIEND,stranger
FRIEND,trust
FRIEND,trustworthy
FRIEND,visit
FRIEND,visitor
ANIMAL,aardvark
ANIMAL,anteater
ANIMAL,antelope
ANIMAL,bear
ANIMAL,beast
ANIMAL,beaver
ANIMAL,buffalo
ANIMAL,cage
ANIMAL,creature
ANIMAL,farm
ANIMAL,fur
ANIMAL,gazelle
ANIMAL,mammal
ANIMAL,mongoose
ANIMAL,moose
ANIMAL,otter
ANIMAL,ox
ANIMAL,party
ANIMAL,possum
ANIMAL,raccoon
ANIMAL,seal
ANIMAL,vet
ANIMAL,walrus
ANIMAL,wolf
ANIMAL,zoo
DOCTOR,appointment
DOCTOR,clinic
DOCTOR,dentist
DOCTOR,examine
DOCTOR,heal
DOCTOR,health
DOCTOR,lawyer
DOCTOR,medical
DOCTOR,medication
DOCTOR,medicine
DOCTOR,nurse
DOCTOR,operate
DOCTOR,operation
DOCTOR,patient
DOCTOR,physical
DOCTOR,physician
DOCTOR,profession
DOCTOR,professional
DOCTOR,scalpel
DOCTOR,scientist
DOCTOR,stethoscope
DOCTOR,surgeon
DOCTOR,surgery
DOCTOR,syringe
DOCTOR,vet
TELEVISION,advertisement
TELEVISION,antenna
TELEVISION,cable
TELEVISION,caption
TELEVISION,cartoon
TELEVISION,channel
TELEVISION,commercial
TELEVISION,console
TELEVISION,dynasty
TELEVISION,entertainment
TELEVISION,jeopardy
TELEVISION,living room
TELEVISION,mash
TELEVISION,media
TELEVISION,network
TELEVISION,news
TELEVISION,producer
TELEVISION,program
TELEVISION,radio
TELEVISION,screen
TELEVISION,series
TELEVISION,set
TELEVISION,tube
TELEVISION,video
TELEVISION,zenith
SCHOOL,attendance
SCHOOL,backpack
SCHOOL,bookbag
SCHOOL,campus
SCHOOL,class
SCHOOL,college
SCHOOL,educate
SCHOOL,education
SCHOOL,grade
SCHOOL,graduate
SCHOOL,homework
SCHOOL,learn
SCHOOL,learning
SCHOOL,notebook
SCHOOL,principal
SCHOOL,principle
SCHOOL,schedule
SCHOOL,scholarship
SCHOOL,semester
SCHOOL,spirit
SCHOOL,student
SCHOOL,study
SCHOOL,subject
SCHOOL,teacher
SCHOOL,university
PICTURE,album
PICTURE,art
PICTURE,arts
PICTURE,camera
PICTURE,caption
PICTURE,diagram
PICTURE,display
PICTURE,draw
PICTURE,drawing
PICTURE,film
PICTURE,frame
PICTURE,hang
PICTURE,hung
PICTURE,identification
PICTURE,image
PICTURE,motion
PICTURE,movie
PICTURE,paint
PICTURE,painting
PICTURE,photo
PICTURE,portrait
PICTURE,portray
PICTURE,scene
PICTURE,scenery
PICTURE,wall
NUMBER,account
NUMBER,count
NUMBER,digit
NUMBER,factor
NUMBER,four
NUMBER,hundred
NUMBER,identification
NUMBER,math
NUMBER,name
NUMBER,nine
NUMBER,page
NUMBER,percent
NUMBER,percentage
NUMBER,quantity
NUMBER,quotient
NUMBER,serial
NUMBER,seven
NUMBER,six
NUMBER,telephone
NUMBER,ten
NUMBER,three
NUMBER,twelve
NUMBER,two
NUMBER,zero
NUMBER,zodiac
ANSWER,ask
ANSWER,call
ANSWER,conclusion
ANSWER,correct
ANSWER,determine
ANSWER,explain
ANSWER,explanation
ANSWER,guess
ANSWER,hint
ANSWER,knock
ANSWER,meaning
ANSWER,problem
ANSWER,question
ANSWER,quotient
ANSWER,remark
ANSWER,reply
ANSWER,respond
ANSWER,response
ANSWER,result
ANSWER,solution
ANSWER,solve
ANSWER,specific
ANSWER,statement
ANSWER,suggestion
ANSWER,verdict
FOOTBALL,arena
FOOTBALL,athlete
FOOTBALL,athletic
FOOTBALL,baseball
FOOTBALL,cheer
FOOTBALL,cheerleader
FOOTBALL,coach
FOOTBALL,defense
FOOTBALL,field
FOOTBALL,game
FOOTBALL,helmet
FOOTBALL,jock
FOOTBALL,kick
FOOTBALL,offense
FOOTBALL,patriot
FOOTBALL,player
FOOTBALL,pro
FOOTBALL,referee
FOOTBALL,soccer
FOOTBALL,sport
FOOTBALL,sports
FOOTBALL,stadium
FOOTBALL,tackle
FOOTBALL,team
FOOTBALL,touchdown
BASEBALL,ball
BASEBALL,base
BASEBALL,basketball
BASEBALL,bat
BASEBALL,cardinal
BASEBALL,catcher
BASEBALL,era
BASEBALL,field
BASEBALL,football
BASEBALL,glove
BASEBALL,hat
BASEBALL,hot dogs
BASEBALL,league
BASEBALL,peanuts
BASEBALL,pitch
BASEBALL,pitcher
BASEBALL,player
BASEBALL,referee
BASEBALL,series
BASEBALL,softball
BASEBALL,sports
BASEBALL,stadium
BASEBALL,strike
BASEBALL,team
BASEBALL,umpire
TOGETHER,alone
TOGETHER,apart
TOGETHER,attach
TOGETHER,belong
TOGETHER,bond
TOGETHER,bound
TOGETHER,combination
TOGETHER,combine
TOGETHER,connect
TOGETHER,couple
TOGETHER,gather
TOGETHER,gathering
TOGETHER,harmony
TOGETHER,integrate
TOGETHER,join
TOGETHER,joint
TOGETHER,link
TOGETHER,mixed
TOGETHER,separate
TOGETHER,team
TOGETHER,twine
TOGETHER,union
TOGETHER,unite
TOGETHER,united
TOGETHER,with
STRONG,aggressive
STRONG,almighty
STRONG,athlete
STRONG,backbone
STRONG,bold
STRONG,brave
STRONG,bravery
STRONG,confident
STRONG,courage
STRONG,courageous
STRONG,fierce
STRONG,firm
STRONG,forceful
STRONG,hardy
STRONG,might
STRONG,muscle
STRONG,overpower
STRONG,power
STRONG,powerful
STRONG,strength
STRONG,superman
STRONG,tough
STRONG,weak
STRONG,weakness
STRONG,wimp
CHICKEN,barbecue
CHICKEN,bouillon
CHICKEN,breast
CHICKEN,broth
CHICKEN,chick
CHICKEN,coleslaw
CHICKEN,colonel
CHICKEN,coward
CHICKEN,egg
CHICKEN,eggs
CHICKEN,feathers
CHICKEN,feed
CHICKEN,fried
CHICKEN,fry
CHICKEN,grill
CHICKEN,hen
CHICKEN,meat
CHICKEN,noodles
CHICKEN,pluck
CHICKEN,popeye
CHICKEN,roost
CHICKEN,rooster
CHICKEN,soup
CHICKEN,turkey
CHICKEN,wings
MOUNTAIN,bike
MOUNTAIN,cabin
MOUNTAIN,canyon
MOUNTAIN,cave
MOUNTAIN,cliff
MOUNTAIN,climb
MOUNTAIN,climber
MOUNTAIN,dew
MOUNTAIN,goat
MOUNTAIN,high
MOUNTAIN,hike
MOUNTAIN,hiker
MOUNTAIN,hiking
MOUNTAIN,hill
MOUNTAIN,lodge
MOUNTAIN,peak
MOUNTAIN,rocks
MOUNTAIN,scenery
MOUNTAIN,ski
MOUNTAIN,slope
MOUNTAIN,smoky
MOUNTAIN,steep
MOUNTAIN,summit
MOUNTAIN,valley
MOUNTAIN,waterfall
BUILDING,apartment
BUILDING,architect
BUILDING,architecture
BUILDING,block
BUILDING,blocks
BUILDING,blueprint
BUILDING,build
BUILDING,builder
BUILDING,construct
BUILDING,construction
BUILDING,contractor
BUILDING,corporation
BUILDING,development
BUILDING,elevator
BUILDING,empire
BUILDING,erect
BUILDING,foundation
BUILDING,heights
BUILDING,ledge
BUILDING,monument
BUILDING,office
BUILDING,skyscraper
BUILDING,structure
BUILDING,tower
BUILDING,warehouse
LETTER,a
LETTER,block
LETTER,card
LETTER,envelope
LETTER,form
LETTER,grade
LETTER,greek
LETTER,initial
LETTER,mail
LETTER,mailbox
LETTER,mailman
LETTER,message
LETTER,news
LETTER,note
LETTER,notice
LETTER,number
LETTER,receive
LETTER,recommendation
LETTER,send
LETTER,spell
LETTER,stamp
LETTER,type
LETTER,typewriter
LETTER,word
LETTER,write
TEACHER,assistant
TEACHER,authority
TEACHER,blackboard
TEACHER,chalkboard
TEACHER,class
TEACHER,conductor
TEACHER,dictator
TEACHER,director
TEACHER,education
TEACHER,expert
TEACHER,faculty
TEACHER,instruct
TEACHER,instruction
TEACHER,instructor
TEACHER,learner
TEACHER,lesson
TEACHER,master
TEACHER,philosopher
TEACHER,preacher
TEACHER,principal
TEACHER,professor
TEACHER,pupil
TEACHER,recommendation
TEACHER,student
TEACHER,teach
CHOCOLATE,almond
CHOCOLATE,cake
CHOCOLATE,candy
CHOCOLATE,chip
CHOCOLATE,chunk
CHOCOLATE,cookie
CHOCOLATE,crave
CHOCOLATE,crunchy
CHOCOLATE,dessert
CHOCOLATE,fattening
CHOCOLATE,flavor
CHOCOLATE,frosting
CHOCOLATE,fudge
CHOCOLATE,ice cream
CHOCOLATE,malt
CHOCOLATE,milk
CHOCOLATE,mint
CHOCOLATE,mints
CHOCOLATE,mousse
CHOCOLATE,pie
CHOCOLATE,pudding
CHOCOLATE,shake
CHOCOLATE,sweet
CHOCOLATE,topping
CHOCOLATE,vanilla
DIFFERENT,abnormal
DIFFERENT,abstract
DIFFERENT,alike
DIFFERENT,alternative
DIFFERENT,another
DIFFERENT,awkward
DIFFERENT,change
DIFFERENT,differ
DIFFERENT,dissimilar
DIFFERENT,distinct
DIFFERENT,foreign
DIFFERENT,odd
DIFFERENT,opposite
DIFFERENT,other
DIFFERENT,people
DIFFERENT,same
DIFFERENT,similar
DIFFERENT,special
DIFFERENT,strange
DIFFERENT,uncommon
DIFFERENT,unequal
DIFFERENT,unique
DIFFERENT,unusual
DIFFERENT,variety
DIFFERENT,vary
COMPUTER,basic
COMPUTER,bit
COMPUTER,calculate
COMPUTER,code
COMPUTER,compute
COMPUTER,console
COMPUTER,data
COMPUTER,disc
COMPUTER,display
COMPUTER,excel
COMPUTER,keyboard
COMPUTER,logic
COMPUTER,machine
COMPUTER,network
COMPUTER,print
COMPUTER,printer
COMPUTER,printing
COMPUTER,process
COMPUTER,program
COMPUTER,robot
COMPUTER,system
COMPUTER,technician
COMPUTER,technology
COMPUTER,terminal
COMPUTER,typewriter
COUNTRY,africa
COUNTRY,america
COUNTRY,asia
COUNTRY,border
COUNTRY,china
COUNTRY,citizen
COUNTRY,continent
COUNTRY,cross
COUNTRY,egypt
COUNTRY,england
COUNTRY,europe
COUNTRY,farm
COUNTRY,flag
COUNTRY,foreign
COUNTRY,france
COUNTRY,japan
COUNTRY,land
COUNTRY,nation
COUNTRY,national
COUNTRY,republic
COUNTRY,rural
COUNTRY,russia
COUNTRY,state
COUNTRY,town
COUNTRY,usa
PRETTY,adjustment
PRETTY,adorable
PRETTY,affect
PRETTY,alter
PRETTY,appearance
PRETTY,attract
PRETTY,attractive
PRETTY,beautiful
PRETTY,beauty
PRETTY,butterfly
PRETTY,cent
PRETTY,cents
PRETTY,coin
PRETTY,cosmetics
PRETTY,cute
PRETTY,decorate
PRETTY,decoration
PRETTY,differ
PRETTY,difference
PRETTY,dress
PRETTY,effect
PRETTY,elegant
PRETTY,exact
PRETTY,face
PRETTY,flower
CHANGE,flowers
CHANGE,gorgeous
CHANGE,handsome
CHANGE,lace
CHANGE,looks
CHANGE,model
CHANGE,oil
CHANGE,persuade
CHANGE,pink
CHANGE,pocket
CHANGE,possibility
CHANGE,quarter
CHANGE,rearrange
CHANGE,receipt
CHANGE,replace
CHANGE,revolution
CHANGE,scenery
CHANGE,season
CHANGE,shift
CHANGE,spare
CHANGE,sunset
CHANGE,swap
CHANGE,switch
CHANGE,ugly
CHANGE,vary
SCIENCE,beaker
SCIENCE,biologist
SCIENCE,biology
SCIENCE,chemical
SCIENCE,chemist
SCIENCE,chemistry
SCIENCE,electron
SCIENCE,element
SCIENCE,elements
SCIENCE,fiction
SCIENCE,microscope
SCIENCE,molecule
SCIENCE,neuron
SCIENCE,neutron
SCIENCE,newton
SCIENCE,nucleus
SCIENCE,physics
SCIENCE,project
SCIENCE,relativity
SCIENCE,social
SCIENCE,technology
SCIENCE,test tube
SCIENCE,theorem
SCIENCE,theory
SCIENCE,weird
PERSON,annoying
PERSON,another
PERSON,being
PERSON,body
PERSON,character
PERSON,citizen
PERSON,customer
PERSON,face
PERSON,famous
PERSON,handicap
PERSON,human
PERSON,identity
PERSON,independent
PERSON,individual
PERSON,missing
PERSON,name
PERSON,other
PERSON,pedestrian
PERSON,people
PERSON,personality
PERSON,responsible
PERSON,self
PERSON,special
PERSON,stranger
PERSON,whom
QUESTION,answer
QUESTION,ask
QUESTION,curious
QUESTION,doubt
QUESTION,essay
QUESTION,example
QUESTION,explain
QUESTION,explanation
QUESTION,guess
QUESTION,how
QUESTION,hypothesis
QUESTION,inform
QUESTION,inquire
QUESTION,interview
QUESTION,mystery
QUESTION,request
QUESTION,respond
QUESTION,response
QUESTION,statement
QUESTION,suggestion
QUESTION,test
QUESTION,unknown
QUESTION,what
QUESTION,who
QUESTION,why
SCARED,beware
SCARED,brave
SCARED,coward
SCARED,fear
SCARED,frantic
SCARED,frightened
SCARED,heights
SCARED,hostage
SCARED,insecure
SCARED,jumpy
SCARED,nerves
SCARED,nervous
SCARED,panic
SCARED,running
SCARED,shock
SCARED,shutter
SCARED,shy
SCARED,superstition
SCARED,suspense
SCARED,tense
SCARED,timid
SCARED,uneasy
SCARED,vulnerable
SCARED,wary
SCARED,worry
PROBLEM,addiction
PROBLEM,attitude
PROBLEM,behavior
PROBLEM,burden
PROBLEM,catastrophe
PROBLEM,circumstance
PROBLEM,complex
PROBLEM,conflict
PROBLEM,crisis
PROBLEM,dilemma
PROBLEM,disorder
PROBLEM,equation
PROBLEM,fault
PROBLEM,impediment
PROBLEM,issue
PROBLEM,math
PROBLEM,mistake
PROBLEM,sinus
PROBLEM,situation
PROBLEM,solution
PROBLEM,solve
PROBLEM,stress
PROBLEM,symptom
PROBLEM,trouble
PROBLEM,unsolved
BORING,adventurous
BORING,conference
BORING,drag
BORING,dull
BORING,english
BORING,essay
BORING,everyday
BORING,exciting
BORING,golf
BORING,homework
BORING,interest
BORING,interesting
BORING,lecture
BORING,monotonous
BORING,museum
BORING,opera
BORING,ordinary
BORING,plain
BORING,poetry
BORING,politics
BORING,reading
BORING,routine
BORING,statistics
BORING,wait
BORING,work
STREET,address
STREET,alley
STREET,avenue
STREET,block
STREET,boulevard
STREET,bourbon
STREET,city
STREET,corner
STREET,cross
STREET,crossing
STREET,curb
STREET,elm
STREET,highway
STREET,homeless
STREET,lane
STREET,main
STREET,neighborhood
STREET,parkway
STREET,pavement
STREET,pedestrian
STREET,road
STREET,sidewalk
STREET,tar
STREET,wall
STREET,way
INSTRUMENT,band
INSTRUMENT,banjo
INSTRUMENT,bass
INSTRUMENT,blunt
INSTRUMENT,brass
INSTRUMENT,cello
INSTRUMENT,clarinet
INSTRUMENT,device
INSTRUMENT,fiddle
INSTRUMENT,flute
INSTRUMENT,guitar
INSTRUMENT,harp
INSTRUMENT,horn
INSTRUMENT,oboe
INSTRUMENT,piano
INSTRUMENT,saxophone
INSTRUMENT,scalpel
INSTRUMENT,stethoscope
INSTRUMENT,trombone
INSTRUMENT,trumpet
INSTRUMENT,tuba
INSTRUMENT,tune
INSTRUMENT,viola
INSTRUMENT,violin
INSTRUMENT,woodwind
YELLOW,banana
YELLOW,blonde
YELLOW,bright
YELLOW,cab
YELLOW,canary
YELLOW,caution
YELLOW,cautious
YELLOW,chick
YELLOW,corn
YELLOW,coward
YELLOW,custard
YELLOW,daisy
YELLOW,dandelion
YELLOW,golden
YELLOW,green
YELLOW,highlight
YELLOW,lemon
YELLOW,lemonade
YELLOW,mellow
YELLOW,mustard
YELLOW,ribbon
YELLOW,squash
YELLOW,submarine
YELLOW,taxi
YELLOW,yield
KNOWLEDGE,acquire
KNOWLEDGE,aware
KNOWLEDGE,competence
KNOWLEDGE,education
KNOWLEDGE,encyclopedia
KNOWLEDGE,experience
KNOWLEDGE,expert
KNOWLEDGE,fact
KNOWLEDGE,facts
KNOWLEDGE,foresight
KNOWLEDGE,hindsight
KNOWLEDGE,idea
KNOWLEDGE,information
KNOWLEDGE,insight
KNOWLEDGE,instinct
KNOWLEDGE,know
KNOWLEDGE,known
KNOWLEDGE,learn
KNOWLEDGE,learning
KNOWLEDGE,science
KNOWLEDGE,skill
KNOWLEDGE,understand
KNOWLEDGE,understanding
KNOWLEDGE,wisdom
KNOWLEDGE,wise
ORANGE,apple
ORANGE,banana
ORANGE,blossom
ORANGE,carrot
ORANGE,carrots
ORANGE,citrus
ORANGE,crush
ORANGE,fruit
ORANGE,grape
ORANGE,grove
ORANGE,juice
ORANGE,lemon
ORANGE,orange juice
ORANGE,orchard
ORANGE,peel
ORANGE,produce
ORANGE,pumpkin
ORANGE,purple
ORANGE,rust
ORANGE,slice
ORANGE,squeeze
ORANGE,sunset
ORANGE,tangerine
ORANGE,tangy
WEIGHT,anchor
WEIGHT,balance
WEIGHT,calorie
WEIGHT,calories
WEIGHT,capacity
WEIGHT,diet
WEIGHT,exercise
WEIGHT,feather
WEIGHT,gain
WEIGHT,gravity
WEIGHT,heavy
WEIGHT,height
WEIGHT,lift
WEIGHT,lose
WEIGHT,mass
WEIGHT,net
WEIGHT,ounce
WEIGHT,pound
WEIGHT,scale
WEIGHT,scales
WEIGHT,size
WEIGHT,ton
WEIGHT,waist
WEIGHT,weigh
CHILDREN,adults
CHILDREN,blocks
CHILDREN,develop
CHILDREN,development
CHILDREN,grown-ups
CHILDREN,innocent
CHILDREN,kids
CHILDREN,mischief
CHILDREN,missing
CHILDREN,neighborhood
CHILDREN,noisy
CHILDREN,nursery
CHILDREN,parents
CHILDREN,play dough
CHILDREN,playground
CHILDREN,playing
CHILDREN,reproduce
CHILDREN,responsibility
CHILDREN,starving
CHILDREN,teach
CHILDREN,toys
CHILDREN,tricycle
CHILDREN,twin
CHILDREN,yo-yo
ENGLISH,adjective
ENGLISH,adverb
ENGLISH,essay
ENGLISH,french
ENGLISH,grammar
ENGLISH,language
ENGLISH,lit
ENGLISH,literature
ENGLISH,math
ENGLISH,muffin
ENGLISH,paragraph
ENGLISH,phrase
ENGLISH,poem
ENGLISH,pronoun
ENGLISH,proverb
ENGLISH,punctuation
ENGLISH,sentence
ENGLISH,sonnet
ENGLISH,spanish
ENGLISH,spell
ENGLISH,summary
ENGLISH,verb
ENGLISH,vocabulary
ENGLISH,writing
BRIGHT,bold
BRIGHT,brilliant
BRIGHT,color
BRIGHT,dim
BRIGHT,flash
BRIGHT,flashlight
BRIGHT,gifted
BRIGHT,glare
BRIGHT,glow
BRIGHT,golden
BRIGHT,highlight
BRIGHT,light
BRIGHT,lightning
BRIGHT,lit
BRIGHT,shine
BRIGHT,shiny
BRIGHT,smart
BRIGHT,star
BRIGHT,stars
BRIGHT,sun
BRIGHT,sunny
BRIGHT,sunshine
BRIGHT,vivid
BRIGHT,yellow
SMOOTH,bald
SMOOTH,bumpy
SMOOTH,crunchy
SMOOTH,felt
SMOOTH,flat
SMOOTH,flow
SMOOTH,glide
SMOOTH,graceful
SMOOTH,operator
SMOOTH,prickly
SMOOTH,rigid
SMOOTH,rough
SMOOTH,rub
SMOOTH,sandpaper
SMOOTH,satin
SMOOTH,shave
SMOOTH,silk
SMOOTH,skin
SMOOTH,slick
SMOOTH,soft
SMOOTH,spread
SMOOTH,surface
SMOOTH,vaseline
SMOOTH,velvet
CIRCLE,arctic
CIRCLE,around
CIRCLE,center
CIRCLE,curve
CIRCLE,cycle
CIRCLE,cylinder
CIRCLE,diameter
CIRCLE,dot
CIRCLE,geometry
CIRCLE,hoop
CIRCLE,line
CIRCLE,loop
CIRCLE,oval
CIRCLE,rectangle
CIRCLE,round
CIRCLE,shape
CIRCLE,sphere
CIRCLE,square
CIRCLE,tangent
CIRCLE,triangle
CIRCLE,unit
CIRCLE,wheel
CIRCLE,winner
MOTHER,advice
MOTHER,apron
MOTHER,baby
MOTHER,child
MOTHER,daughter
MOTHER,family
MOTHER,father
MOTHER,fuss
MOTHER,goose
MOTHER,guardian
MOTHER,helper
MOTHER,home
MOTHER,keeper
MOTHER,kin
MOTHER,loving
MOTHER,maiden
MOTHER,mary
MOTHER,mummy
MOTHER,nag
MOTHER,parent
MOTHER,relation
MOTHER,relative
MOTHER,wife
VACATION,away
VACATION,baggage
VACATION,cruise
VACATION,europe
VACATION,hawaii
VACATION,holiday
VACATION,honeymoon
VACATION,hotel
VACATION,luggage
VACATION,mexico
VACATION,motel
VACATION,paradise
VACATION,paris
VACATION,planning
VACATION,reservation
VACATION,resort
VACATION,suitcase
VACATION,tour
VACATION,tourist
VACATION,travel
VACATION,trip
VACATION,visit
VACATION,weekend
CHEESE,bologna
CHEESE,broccoli
CHEESE,cheddar
CHEESE,cottage
CHEESE,cracker
CHEESE,crackers
CHEESE,craft
CHEESE,cream
CHEESE,dairy
CHEESE,grate
CHEESE,ham
CHEESE,hamburger
CHEESE,macaroni
CHEESE,melt
CHEESE,mold
CHEESE,mouse
CHEESE,noodles
CHEESE,omelet
CHEESE,pizza
CHEESE,process
CHEESE,swiss
CHEESE,wine
DESTROY,annihilate
DESTROY,break
DESTROY,build
DESTROY,condemn
DESTROY,conquer
DESTROY,construct
DESTROY,create
DESTROY,crush
DESTROY,damage
DESTROY,demolish
DESTROY,destruction
DESTROY,diminish
DESTROY,disintegrate
DESTROY,erode
DESTROY,explode
DESTROY,explosion
DESTROY,kill
DESTROY,make
DESTROY,restore
DESTROY,rot
DESTROY,ruin
DESTROY,smash
FINGER,appendage
FINGER,blueprint
FINGER,digit
FINGER,extremity
FINGER,fingernail
FINGER,flick
FINGER,hand
FINGER,joint
FINGER,knuckle
FINGER,nail
FINGER,nails
FINGER,point
FINGER,ring
FINGER,splinter
FINGER,sticky
FINGER,thimble
FINGER,thumb
FINGER,toe
FINGER,toes
FINGER,touch
FINGER,trigger
FINGER,wart
UNDERSTAND,accept
UNDERSTAND,acknowledge
UNDERSTAND,believe
UNDERSTAND,clarify
UNDERSTAND,comprehend
UNDERSTAND,compute
UNDERSTAND,concept
UNDERSTAND,confuse
UNDERSTAND,confusion
UNDERSTAND,definition
UNDERSTAND,explain
UNDERSTAND,explanation
UNDERSTAND,grasp
UNDERSTAND,know
UNDERSTAND,knowledge
UNDERSTAND,learning
UNDERSTAND,meaning
UNDERSTAND,perceive
UNDERSTAND,perception
UNDERSTAND,rationalize
UNDERSTAND,realize
UNDERSTAND,sympathetic
MEDICINE,advil
MEDICINE,allergy
MEDICINE,antidote
MEDICINE,aspirin
MEDICINE,clinic
MEDICINE,cold
MEDICINE,cure
MEDICINE,doctor
MEDICINE,drug
MEDICINE,drugs
MEDICINE,excedrin
MEDICINE,medication
MEDICINE,menthol
MEDICINE,nurse
MEDICINE,ointment
MEDICINE,pill
MEDICINE,prescription
MEDICINE,remedy
MEDICINE,syringe
MEDICINE,tablet
MEDICINE,treatment
MEDICINE,tylenol
CRIMINAL,arrest
CRIMINAL,bandit
CRIMINAL,convict
CRIMINAL,crime
CRIMINAL,crook
CRIMINAL,delinquent
CRIMINAL,evict
CRIMINAL,fugitive
CRIMINAL,handcuffs
CRIMINAL,jail
CRIMINAL,law
CRIMINAL,murderer
CRIMINAL,outlaw
CRIMINAL,prison
CRIMINAL,prisoner
CRIMINAL,robber
CRIMINAL,robbery
CRIMINAL,suspect
CRIMINAL,theft
CRIMINAL,unlawful
CRIMINAL,villain
CRIMINAL,wanted
PRIEST,bishop
PRIEST,bless
PRIEST,blessing
PRIEST,cardinal
PRIEST,catholic
PRIEST,chapel
PRIEST,confess
PRIEST,confession
PRIEST,friar
PRIEST,holiness
PRIEST,holy
PRIEST,minister
PRIEST,monastery
PRIEST,monk
PRIEST,nun
PRIEST,pope
PRIEST,preacher
PRIEST,rabbi
PRIEST,religious
PRIEST,sermon
PRIEST,sin
PRESIDENT,bush
PRESIDENT,campaign
PRESIDENT,candidate
PRESIDENT,chairperson
PRESIDENT,congress
PRESIDENT,democrat
PRESIDENT,dictator
PRESIDENT,elect
PRESIDENT,election
PRESIDENT,executive
PRESIDENT,george
PRESIDENT,government
PRESIDENT,leader
PRESIDENT,leadership
PRESIDENT,official
PRESIDENT,politician
PRESIDENT,politics
PRESIDENT,senator
PRESIDENT,speech
PRESIDENT,vice
PRESIDENT,vote
LAWYER,accuse
LAWYER,attorney
LAWYER,briefcase
LAWYER,case
LAWYER,contract
LAWYER,counsel
LAWYER,court
LAWYER,defend
LAWYER,defense
LAWYER,doctor
LAWYER,firm
LAWYER,judge
LAWYER,law
LAWYER,lawful
LAWYER,laws
LAWYER,lawsuit
LAWYER,legal
LAWYER,professional
LAWYER,prosecute
LAWYER,sue
LAWYER,trial
HOSPITAL,ambulance
HOSPITAL,cancer
HOSPITAL,clinic
HOSPITAL,coma
HOSPITAL,emergency
HOSPITAL,general
HOSPITAL,heart attack
HOSPITAL,illness
HOSPITAL,medical
HOSPITAL,memorial
HOSPITAL,nurse
HOSPITAL,operation
HOSPITAL,orderly
HOSPITAL,patient
HOSPITAL,sick
HOSPITAL,sickness
HOSPITAL,surgery
HOSPITAL,syringe
HOSPITAL,trauma
HOSPITAL,visitor
HOSPITAL,volunteer
MACHINE,computer
MACHINE,copier
MACHINE,copy
MACHINE,crane
MACHINE,device
MACHINE,dishwasher
MACHINE,engine
MACHINE,factory
MACHINE,industry
MACHINE,invent
MACHINE,inventor
MACHINE,mechanical
MACHINE,message
MACHINE,operate
MACHINE,process
MACHINE,robot
MACHINE,sew
MACHINE,technician
MACHINE,technology
MACHINE,tractor
MACHINE,xerox
ACCIDENT,ambulance
ACCIDENT,automobile
ACCIDENT,bumper
ACCIDENT,crash
ACCIDENT,damage
ACCIDENT,danger
ACCIDENT,dent
ACCIDENT,emergency
ACCIDENT,fault
ACCIDENT,happen
ACCIDENT,impact
ACCIDENT,injury
ACCIDENT,mistake
ACCIDENT,reckless
ACCIDENT,scar
ACCIDENT,smash
ACCIDENT,spill
ACCIDENT,traffic
ACCIDENT,tragedy
ACCIDENT,trauma
ACCIDENT,wreck
NEEDLE,compass
NEEDLE,crochet
NEEDLE,hay
NEEDLE,haystack
NEEDLE,heroin
NEEDLE,heroine
NEEDLE,injection
NEEDLE,knit
NEEDLE,knitting
NEEDLE,pin
NEEDLE,pine
NEEDLE,porcupine
NEEDLE,sew
NEEDLE,sharp
NEEDLE,stitch
NEEDLE,syringe
NEEDLE,thimble
NEEDLE,thorn
NEEDLE,thread
NEEDLE,tread
BUTTER,almond
BUTTER,bagel
BUTTER,biscuit
BUTTER,bread
BUTTER,corn
BUTTER,fattening
BUTTER,lobster
BUTTER,margarine
BUTTER,margin
BUTTER,melt
BUTTER,muffin
BUTTER,pat
BUTTER,peanut
BUTTER,peanuts
BUTTER,popcorn
BUTTER,potato
BUTTER,promise
BUTTER,roll
BUTTER,spread
BUTTER,toast
NEWSPAPER,ad
NEWSPAPER,advertisement
NEWSPAPER,article
NEWSPAPER,column
NEWSPAPER,critic
NEWSPAPER,daily
NEWSPAPER,editor
NEWSPAPER,editorial
NEWSPAPER,gazelle
NEWSPAPER,horoscope
NEWSPAPER,issue
NEWSPAPER,journal
NEWSPAPER,magazine
NEWSPAPER,media
NEWSPAPER,newsstand
NEWSPAPER,press
NEWSPAPER,printing
NEWSPAPER,publication
NEWSPAPER,times
NEWSPAPER,weekly
CHRISTMAS,decorate
CHRISTMAS,decoration
CHRISTMAS,elf
CHRISTMAS,gift
CHRISTMAS,giving
CHRISTMAS,holiday
CHRISTMAS,joy
CHRISTMAS,joyous
CHRISTMAS,new year
CHRISTMAS,ornament
CHRISTMAS,package
CHRISTMAS,present
CHRISTMAS,reindeer
CHRISTMAS,santa
CHRISTMAS,season
CHRISTMAS,sleigh
CHRISTMAS,stocking
CHRISTMAS,tradition
CHRISTMAS,vacation
CHRISTMAS,yearly
EXERCISE,active
EXERCISE,aerobics
EXERCISE,athlete
EXERCISE,bicycle
EXERCISE,body
EXERCISE,fit
EXERCISE,fitness
EXERCISE,gym
EXERCISE,gymnastics
EXERCISE,headband
EXERCISE,jog
EXERCISE,physical
EXERCISE,running
EXERCISE,stretch
EXERCISE,sweat
EXERCISE,swim
EXERCISE,walk
EXERCISE,walker
EXERCISE,weights
EXERCISE,workout
SECRET,agent
SECRET,code
SECRET,confidence
SECRET,confident
SECRET,dairy
SECRET,deodorant
SECRET,discreet
SECRET,fbi
SECRET,formula
SECRET,hidden
SECRET,hint
SECRET,identity
SECRET,personal
SECRET,private
SECRET,rumor
SECRET,secluded
SECRET,secretive
SECRET,spy
SECRET,tell
SECRET,whisper
FEELING,affect
FEELING,attitude
FEELING,aura
FEELING,belief
FEELING,compassion
FEELING,emotion
FEELING,empathy
FEELING,esteem
FEELING,expression
FEELING,felt
FEELING,guilt
FEELING,impression
FEELING,instinct
FEELING,intuition
FEELING,mood
FEELING,notion
FEELING,opinion
FEELING,reaction
FEELING,sensitive
FEELING,sympathy
IMPORTANT,critical
IMPORTANT,document
IMPORTANT,emergency
IMPORTANT,executive
IMPORTANT,highlight
IMPORTANT,main
IMPORTANT,major
IMPORTANT,matter
IMPORTANT,meaningful
IMPORTANT,monument
IMPORTANT,must
IMPORTANT,necessary
IMPORTANT,official
IMPORTANT,precious
IMPORTANT,principal
IMPORTANT,sacred
IMPORTANT,serious
IMPORTANT,special
IMPORTANT,urgent
IMPORTANT,valuable
MARRIAGE,affair
MARRIAGE,announce
MARRIAGE,ceremony
MARRIAGE,commitment
MARRIAGE,couple
MARRIAGE,divorce
MARRIAGE,engagement
MARRIAGE,faithful
MARRIAGE,honeymoon
MARRIAGE,obey
MARRIAGE,proposal
MARRIAGE,relationship
MARRIAGE,ring
MARRIAGE,spouse
MARRIAGE,status
MARRIAGE,threshold
MARRIAGE,vow
MARRIAGE,wed
MARRIAGE,wedding
FINISH,accomplish
FINISH,adjourn
FINISH,compete
FINISH,complete
FINISH,conclude
FINISH,diminish
FINISH,done
FINISH,end
FINISH,ending
FINISH,enough
FINISH,final
FINISH,graduate
FINISH,last
FINISH,outcome
FINISH,product
FINISH,quit
FINISH,ready
FINISH,result
FINISH,start
DISEASE,aids
DISEASE,bacteria
DISEASE,cancer
DISEASE,contract
DISEASE,cure
DISEASE,disorder
DISEASE,flu
DISEASE,fungus
DISEASE,germ
DISEASE,infection
DISEASE,legion
DISEASE,malaria
DISEASE,plaque
DISEASE,rash
DISEASE,sickness
DISEASE,skin
DISEASE,symptom
DISEASE,treatment
DISEASE,virus
DIAMOND,coal
DIAMOND,crystal
DIAMOND,earring
DIAMOND,emerald
DIAMOND,expensive
DIAMOND,gem
DIAMOND,genuine
DIAMOND,gold
DIAMOND,jewel
DIAMOND,jewelry
DIAMOND,luxury
DIAMOND,necklace
DIAMOND,pearl
DIAMOND,precious
DIAMOND,priceless
DIAMOND,ring
DIAMOND,ruby
DIAMOND,sapphire
DIAMOND,valuable
COFFEE,blend
COFFEE,cafe
COFFEE,caffeine
COFFEE,cream
COFFEE,cup
COFFEE,cups
COFFEE,doughnut
COFFEE,drip
COFFEE,grind
COFFEE,grounds
COFFEE,instant
COFFEE,morning
COFFEE,mug
COFFEE,sip
COFFEE,stir
COFFEE,sugar
COFFEE,tea
COFFEE,teapot
COFFEE,toast
STRING,bead
STRING,bean
STRING,guitar
STRING,harp
STRING,kite
STRING,knot
STRING,loop
STRING,ribbon
STRING,rope
STRING,shoe
STRING,shoelace
STRING,spool
STRING,strand
STRING,thread
STRING,twine
STRING,violin
STRING,woodwind
STRING,yarn
STRING,yo-yo
TROUBLE,arrest
TROUBLE,bother
TROUBLE,burden
TROUBLE,conflict
TROUBLE,consequence
TROUBLE,crisis
TROUBLE,danger
TROUBLE,delinquent
TROUBLE,difficulty
TROUBLE,dilemma
TROUBLE,double
TROUBLE,fbi
TROUBLE,help
TROUBLE,jeopardy
TROUBLE,mischief
TROUBLE,problem
TROUBLE,restriction
TROUBLE,teenager
TROUBLE,toil
COOKIE,bake
COOKIE,baked
COOKIE,biscuit
COOKIE,chip
COOKIE,cracker
COOKIE,crumb
COOKIE,dough
COOKIE,fig
COOKIE,flour
COOKIE,fortune
COOKIE,jar
COOKIE,milk
COOKIE,molasses
COOKIE,newton
COOKIE,oatmeal
COOKIE,recipe
COOKIE,scout
COOKIE,snack
COOKIE,spatula
CIGARETTE,ash
CIGARETTE,ashes
CIGARETTE,ashtray
CIGARETTE,camel
CIGARETTE,carton
CIGARETTE,cigar
CIGARETTE,clove
CIGARETTE,lighter
CIGARETTE,lit
CIGARETTE,match
CIGARETTE,menthol
CIGARETTE,merit
CIGARETTE,nicotine
CIGARETTE,puff
CIGARETTE,smoke
CIGARETTE,smoking
CIGARETTE,smoky
CIGARETTE,tobacco
VEGETABLES,agriculture
VEGETABLES,bean
VEGETABLES,beans
VEGETABLES,beet
VEGETABLES,carrot
VEGETABLES,celery
VEGETABLES,cucumber
VEGETABLES,farmer
VEGETABLES,fruit
VEGETABLES,garden
VEGETABLES,lettuce
VEGETABLES,meat
VEGETABLES,potato
VEGETABLES,potatoes
VEGETABLES,salad
VEGETABLES,soup
VEGETABLES,stew
VEGETABLES,tomato
MUSCLE,abdomen
MUSCLE,athletic
MUSCLE,body
MUSCLE,chest
MUSCLE,firm
MUSCLE,fitness
MUSCLE,flex
MUSCLE,gym
MUSCLE,protein
MUSCLE,sore
MUSCLE,sprain
MUSCLE,strength
MUSCLE,stretch
MUSCLE,strong
MUSCLE,thigh
MUSCLE,tone
MUSCLE,weights
MUSCLE,workout
TRAVEL,agency
TRAVEL,agent
TRAVEL,baggage
TRAVEL,car
TRAVEL,caravan
TRAVEL,europe
TRAVEL,hitchhike
TRAVEL,interstate
TRAVEL,journey
TRAVEL,luggage
TRAVEL,map
TRAVEL,move
TRAVEL,road
TRAVEL,suitcase
TRAVEL,tour
TRAVEL,transportation
TRAVEL,trip
TRAVEL,voyage
GROUND,asphalt
GROUND,bury
GROUND,camp
GROUND,camping
GROUND,dirt
GROUND,earth
GROUND,floor
GROUND,foundation
GROUND,gravel
GROUND,hole
GROUND,land
GROUND,mole
GROUND,pavement
GROUND,play
GROUND,soil
GROUND,stake
GROUND,till
GROUND,worm
INDIAN,american
INDIAN,arrow
INDIAN,brave
INDIAN,bravery
INDIAN,buffalo
INDIAN,canoe
INDIAN,chief
INDIAN,cowboy
INDIAN,fort
INDIAN,native
INDIAN,nomad
INDIAN,reservation
INDIAN,scalp
INDIAN,tepee
INDIAN,tribe
INDIAN,warrior
INDIAN,wigwam
WINDOW,bedroom
WINDOW,blinds
WINDOW,cleaner
WINDOW,clear
WINDOW,curtain
WINDOW,curtains
WINDOW,door
WINDOW,drapes
WINDOW,glass
WINDOW,ledge
WINDOW,pane
WINDOW,screen
WINDOW,shatter
WINDOW,shield
WINDOW,shutter
WINDOW,sill
WINDOW,view
SQUARE,angle
SQUARE,area
SQUARE,block
SQUARE,blocks
SQUARE,box
SQUARE,builder
SQUARE,circle
SQUARE,cube
SQUARE,plaza
SQUARE,pyramid
SQUARE,rectangle
SQUARE,room
SQUARE,round
SQUARE,shape
SQUARE,times
SQUARE,triangle
SQUARE,village
HAMMER,ax
HAMMER,carpenter
HAMMER,chisel
HAMMER,gavel
HAMMER,hatchet
HAMMER,jack
HAMMER,nail
HAMMER,nails
HAMMER,pliers
HAMMER,saw
HAMMER,screw
HAMMER,screwdriver
HAMMER,sickle
HAMMER,tack
HAMMER,tool
HAMMER,tools
HAMMER,wrench
PENCIL,crayon
PENCIL,draw
PENCIL,drawing
PENCIL,eraser
PENCIL,holder
PENCIL,lead
PENCIL,mark
PENCIL,marker
PENCIL,notebook
PENCIL,pad
PENCIL,paper
PENCIL,paperclip
PENCIL,pen
PENCIL,point
PENCIL,ruler
PENCIL,scribble
PENCIL,stub
PRESENT,absence
PRESENT,absent
PRESENT,attend
PRESENT,attendance
PRESENT,box
PRESENT,christmas
PRESENT,future
PRESENT,gift
PRESENT,introduce
PRESENT,package
PRESENT,past
PRESENT,presentation
PRESENT,receive
PRESENT,ribbon
PRESENT,show
PRESENT,surprise
PRESENT,wrap
LEADER,captain
LEADER,chairperson
LEADER,chief
LEADER,commander
LEADER,dictator
LEADER,director
LEADER,follow
LEADER,follower
LEADER,governor
LEADER,guide
LEADER,manager
LEADER,master
LEADER,mayor
LEADER,monarch
LEADER,president
LEADER,principal
LEADER,principle
SANDWICH,bologna
SANDWICH,bread
SANDWICH,cornbeef
SANDWICH,ham
SANDWICH,hero
SANDWICH,ice cream
SANDWICH,knuckle
SANDWICH,lunch
SANDWICH,mayonnaise
SANDWICH,peanut butter
SANDWICH,pickle
SANDWICH,soup
SANDWICH,sub
SANDWICH,submarine
SANDWICH,subway
SANDWICH,tuna
SANDWICH,turkey
NERVOUS,anxiety
NERVOUS,anxious
NERVOUS,calm
NERVOUS,flutter
NERVOUS,frantic
NERVOUS,hectic
NERVOUS,impatience
NERVOUS,interview
NERVOUS,jumpy
NERVOUS,nerves
NERVOUS,panic
NERVOUS,tense
NERVOUS,touchy
NERVOUS,uncomfortable
NERVOUS,uneasy
NERVOUS,unsure
NERVOUS,uptight
INSECT,ant
INSECT,bee
INSECT,beetle
INSECT,bug
INSECT,butterfly
INSECT,caterpillar
INSECT,cricket
INSECT,flea
INSECT,fly
INSECT,grasshopper
INSECT,maggot
INSECT,mosquito
INSECT,moth
INSECT,pest
INSECT,roach
INSECT,spider
INSECT,termite
BUSINESS,agency
BUSINESS,associate
BUSINESS,briefcase
BUSINESS,commercial
BUSINESS,company
BUSINESS,corporal
BUSINESS,corporation
BUSINESS,economic
BUSINESS,executive
BUSINESS,firm
BUSINESS,industry
BUSINESS,management
BUSINESS,negotiation
BUSINESS,office
BUSINESS,proprietor
BUSINESS,sales
BUSINESS,suit
WEDDING,announce
WEDDING,bride
WEDDING,ceremony
WEDDING,chapel
WEDDING,engagement
WEDDING,formal
WEDDING,gown
WEDDING,honeymoon
WEDDING,marriage
WEDDING,planning
WEDDING,proposal
WEDDING,rice
WEDDING,ring
WEDDING,threshold
WEDDING,tuxedo
WEDDING,vow
WEDDING,wed
BROKEN,bent
BROKEN,breakable
BROKEN,cast
BROKEN,crutch
BROKEN,damage
BROKEN,fix
BROKEN,jaw
BROKEN,leak
BROKEN,limp
BROKEN,pieces
BROKEN,promise
BROKEN,repair
BROKEN,replace
BROKEN,ribs
BROKEN,rule
BROKEN,sling
BROKEN,torn
ELECTRICITY,amp
ELECTRICITY,battery
ELECTRICITY,conductor
ELECTRICITY,current
ELECTRICITY,electrician
ELECTRICITY,energy
ELECTRICITY,fuse
ELECTRICITY,lightning
ELECTRICITY,neuron
ELECTRICITY,outlet
ELECTRICITY,plug
ELECTRICITY,power
ELECTRICITY,shock
ELECTRICITY,technician
ELECTRICITY,volt
ELECTRICITY,watt
STRANGE,abnormal
STRANGE,absurd
STRANGE,awkward
STRANGE,baffling
STRANGE,behavior
STRANGE,bizarre
STRANGE,curious
STRANGE,different
STRANGE,disconcerting
STRANGE,eerie
STRANGE,foreign
STRANGE,freak
STRANGE,frightening
STRANGE,mysterious
STRANGE,normal
STRANGE,obscure
STRANGE,odd
STRANGE,peculiar
STRANGE,puzzling
STRANGE,scary
STRANGE,surreal
STRANGE,uncommon
STRANGE,unsettling
STRANGE,unusual
STRANGE,weird
CORRECT,acceptable
CORRECT,accuracte
CORRECT,answer
CORRECT,appropriate
CORRECT,clarify
CORRECT,deduce
CORRECT,definitive
CORRECT,error
CORRECT,exact
CORRECT,factual
CORRECT,fix
CORRECT,incorrect
CORRECT,mistake
CORRECT,perfect
CORRECT,precise
CORRECT,proper
CORRECT,prove
CORRECT,reasonable
CORRECT,rectify
CORRECT,remedy
CORRECT,right
CORRECT,spell
CORRECT,straighten
CORRECT,true
CORRECT,valid
FORGET,bring
FORGET,decay
FORGET,disappear
FORGET,dismiss
FORGET,disown
FORGET,forgive
FORGET,ignore
FORGET,know
FORGET,learn
FORGET,leave
FORGET,lose
FORGET,memeory
FORGET,miss
FORGET,neglect
FORGET,overlook
FORGET,pretend
FORGET,realize
FORGET,recall
FORGET,regret
FORGET,remember
FORGET,remind
FORGET,underestimate
FORGET,worry
BROTHER,annoy
BROTHER,blues
BROTHER,boy
BROTHER,brat
BROTHER,buddy
BROTHER,cousin
BROTHER,eldest
BROTHER,father
BROTHER,fraternity
BROTHER,friend
BROTHER,grandson
BROTHER,husband
BROTHER,kin
BROTHER,nephew
BROTHER,pal
BROTHER,pest
BROTHER,relative
BROTHER,righteous
BROTHER,sibling
BROTHER,sister
BROTHER,son
BROTHER,soul
BROTHER,step
BROTHER,twin
BROTHER,uncle
MEASURE,amount
MEASURE,barrometer
MEASURE,calculate
MEASURE,cup
MEASURE,diameter
MEASURE,gauge
MEASURE,height
MEASURE,inch
MEASURE,indicator
MEASURE,kilometer
MEASURE,length
MEASURE,meter
MEASURE,metric
MEASURE,ounce
MEASURE,pint
MEASURE,protractor
MEASURE,quantify
MEASURE,ruler
MEASURE,scales
MEASURE,stick
MEASURE,tape
MEASURE,unit
MEASURE,waist
MEASURE,weigh
MEASURE,yard
PRISON,arrest
PRISON,bars
PRISON,captive
PRISON,capture
PRISON,cell
PRISON,compound
PRISON,confinement
PRISON,convict
PRISON,courthouse
PRISON,crime
PRISON,criminal
PRISON,detention
PRISON,dungeon
PRISON,escape
PRISON,incarcerate
PRISON,inmate
PRISON,jail
PRISON,lockup
PRISON,parole
PRISON,penitentiary
PRISON,punishment
PRISON,release
PRISON,sentence
PRISON,slammer
PRISON,war
CEMENT,asphalt
CEMENT,block
CEMENT,brick
CEMENT,clay
CEMENT,conrete
CEMENT,construction
CEMENT,curb
CEMENT,driveway
CEMENT,foundation
CEMENT,glue
CEMENT,granite
CEMENT,grout
CEMENT,hard
CEMENT,house
CEMENT,limestone
CEMENT,mason
CEMENT,mix
CEMENT,pavement
CEMENT,plaster
CEMENT,rebar
CEMENT,refractory
CEMENT,rock
CEMENT,sidewalk
CEMENT,slab
CEMENT,wet
FISHING,angler
FISHING,bass
FISHING,boat
FISHING,camping
FISHING,clam
FISHING,crab
FISHING,halibut
FISHING,hooked
FISHING,hunting
FISHING,lake
FISHING,lobster
FISHING,mackerel
FISHING,muskie
FISHING,oyster
FISHING,pier
FISHING,pole
FISHING,reel
FISHING,rod
FISHING,scallop
FISHING,shrimping
FISHING,sinker
FISHING,tackle
FISHING,trout
FISHING,walleye
FISHING,worm
GARBAGE,alley
GARBAGE,bag
GARBAGE,can
GARBAGE,compost
GARBAGE,debris
GARBAGE,dirty
GARBAGE,dump
GARBAGE,dustbin
GARBAGE,filth
GARBAGE,junk
GARBAGE,landfill
GARBAGE,litter
GARBAGE,raccoon
GARBAGE,recycling
GARBAGE,refuse
GARBAGE,rubbish
GARBAGE,sewage
GARBAGE,smell
GARBAGE,stink
GARBAGE,trash
GARBAGE,useless
GARBAGE,waste
GARBAGE,wasted
HEADACHE,advil
HEADACHE,aggravation
HEADACHE,anxiety
HEADACHE,aspirin
HEADACHE,cough
HEADACHE,discomfort
HEADACHE,dizzy
HEADACHE,excedrin
HEADACHE,heartburn
HEADACHE,impediement
HEADACHE,insomnia
HEADACHE,irritate
HEADACHE,migraine
HEADACHE,nausea
HEADACHE,pain
HEADACHE,pressure
HEADACHE,problem
HEADACHE,relief
HEADACHE,severe
HEADACHE,sinus
HEADACHE,sore
HEADACHE,stress
HEADACHE,tension
HEADACHE,tired
HEADACHE,tylenol
PARENT,adult
PARENT,advice
PARENT,authority
PARENT,caring
PARENT,chaperone
PARENT,child
PARENT,depend
PARENT,elder
PARENT,family
PARENT,father
PARENT,foster
PARENT,grandfather
PARENT,grandmother
PARENT,guardian
PARENT,kids
PARENT,love
PARENT,mother
PARENT,overinvolved
PARENT,overprotective
PARENT,relation
PARENT,relative
PARENT,respect
PARENT,stepfather
PARENT,stepmother
PARENT,strict
SUMMER,autumn
SUMMER,backpacking
SUMMER,camp
SUMMER,campers
SUMMER,cookouts
SUMMER,festivals
SUMMER,heat
SUMMER,holiday
SUMMER,hotter
SUMMER,lemonade
SUMMER,outdoors
SUMMER,resort
SUMMER,sandals
SUMMER,season
SUMMER,session
SUMMER,shorts
SUMMER,spring
SUMMER,sun
SUMMER,swelter
SUMMER,trip
SUMMER,vacation
SUMMER,warmer
SUMMER,weather
SUMMER,winter
TELEPHONE,answer
TELEPHONE,booth
TELEPHONE,call
TELEPHONE,cellular
TELEPHONE,communicate
TELEPHONE,communication
TELEPHONE,conversation
TELEPHONE,cord
TELEPHONE,dial
TELEPHONE,disconnected
TELEPHONE,fax
TELEPHONE,hotline
TELEPHONE,landline
TELEPHONE,mail
TELEPHONE,message
TELEPHONE,number
TELEPHONE,operate
TELEPHONE,operator
TELEPHONE,pager
TELEPHONE,receptionist
TELEPHONE,ring
TELEPHONE,rung
TELEPHONE,talk
TELEPHONE,telegraph
TELEPHONE,wire
BREATHE,air
BREATHE,airway
BREATHE,asphyxiate
BREATHE,choke
BREATHE,exhale
BREATHE,gasping
BREATHE,heavy
BREATHE,inhale
BREATHE,intake
BREATHE,intubate
BREATHE,live
BREATHE,lung
BREATHE,mint
BREATHE,oxygen
BREATHE,respiration
BREATHE,respire
BREATHE,sigh
BREATHE,smother
BREATHE,suffocate
BREATHE,underwater
BREATHE,vapor
BREATHE,ventilate
BREATHE,ventilator
BREATHE,wheeze
BREATHE,windpipe
CANCER,breast
CANCER,chemotherapy
CANCER,cigarette
CANCER,cure
CANCER,death
CANCER,die
CANCER,disease
CANCER,hospital
CANCER,illness
CANCER,leo
CANCER,leukimia
CANCER,lump
CANCER,lung
CANCER,lymphoma
CANCER,malignancy
CANCER,melanoma
CANCER,neuroblastoma
CANCER,retinoblastoma
CANCER,sarcoma
CANCER,sick
CANCER,smoke
CANCER,smoking
CANCER,terminal
CANCER,tobacco
CANCER,tumor
DESERT,arid
DESERT,barren
DESERT,baslands
DESERT,bedouins
DESERT,cactus
DESERT,camel
DESERT,caravan
DESERT,coyote
DESERT,desolate
DESERT,dry
DESERT,dunes
DESERT,dusty
DESERT,hot
DESERT,illusion
DESERT,isolated
DESERT,mesa
DESERT,mirage
DESERT,nomad
DESERT,oasis
DESERT,parched
DESERT,pyramid
DESERT,safari
DESERT,sand
DESERT,wastelands
DESERT,wilderness
SORROW,anguish
SORROW,apathy
SORROW,condolences
SORROW,cry
SORROW,death
SORROW,despair
SORROW,disappoint
SORROW,empathy
SORROW,emptiness
SORROW,grief
SORROW,heartbreak
SORROW,helpless
SORROW,joy
SORROW,lament
SORROW,longing
SORROW,misery
SORROW,mourn
SORROW,pain
SORROW,pity
SORROW,regret
SORROW,remorse
SORROW,repentence
SORROW,sad
SORROW,sympathy
SORROW,tragedy
OFFICE,agency
OFFICE,appointment
OFFICE,box
OFFICE,branch
OFFICE,building
OFFICE,bureau
OFFICE,business
OFFICE,clerk
OFFICE,cubicle
OFFICE,dentist
OFFICE,department
OFFICE,deputy
OFFICE,desk
OFFICE,election
OFFICE,firm
OFFICE,lobby
OFFICE,oath
OFFICE,oval
OFFICE,personnel
OFFICE,post
OFFICE,receptionist
OFFICE,room
OFFICE,secretary
OFFICE,staffers
OFFICE,work