DINNER,CALLAH
CHEMISTRY,NEYCHIDER
DANGER,FRAGIC
BEAUTIFUL,BUTCHWING
FAMILY,CLEMOR
POLITICS,PLIFYING
CEREAL,FECTOR
COLLEGE,LECUCKY
DRIVER,BEWING
FOREST,STURON
STRESS,DENDRY
WORKER,FAVOLT
BREAKFAST,COUNLINDS
FOREVER,WHITATE
MEETING,DIANDAY
MORNING,GATIONS
STICKY,LOWRIS
FLOWER,PROTES
CLOTHES,UMBSTER
FRIEND,ALIZED
ANIMAL,PATRAN
DOCTOR,MICROE
FISHING,PROMIZE
TELEVISION,PIGMENSTLY
SCHOOL,WREART
PICTURE,HOPHISY
NUMBER,PROKED
ANSWER,LEYSON
CORRECT,UNGRIES
FOOTBALL,PINGRESS
BASEBALL,PAGORGES
TOGETHER,IGHEARED
STRONG,ANNUTS
CHICKEN,HAMLEST
BREATHE,PEIPTED
MOUNTAIN,HORMEDDY
BUILDING,DUCHEYED
LETTER,SCRING
TEACHER,PRICALS
CHOCOLATE,DOOMIZING
PARENT,HEDRAG
DIFFERENT,STAUTOASK
COMPUTER,CONFIRLY
COUNTRY,DIFICAL
PRETTY,LUITED
CHANGE,CELTAN
MEASURE,CONTIAN
SCIENCE,BORINDA
PERSON,STRACE
QUESTION,SOURSEED
SCARED,DITAUT
PROBLEM,IMATTED
SORROW,STURED
BORING,PONTLE
STREET,JACONS
INSTRUMENT,BOUGLATING
YELLOW,HUGOOD
KNOWLEDGE,BATIMERSE
CEMENT,CHIPLE
ORANGE,HENSEN
WEIGHT,AFORIA
CHILDREN,BLESTIAN
ENGLISH,LIKEEPS
BRIGHT,CLUTHS
STRANGE,RASCING
SMOOTH,ROPHER
CIRCLE,LATECT
MOTHER,CATHER
VACATION,INETRAKE
CHEESE,TURATE
TELEPHONE,FRIENTING
DESTROY,QUAINED
FINGER,CALLOY
UNDERSTAND,CHARSINKLE
MEDICINE,CAPAGING
CRIMINAL,TREANNIE
HEADACHE,EMENQUES
PRIEST,RABLUS
PRESIDENT,MOGLUTION
LAWYER,PUTANT
HOSPITAL,COUNDOWN
MACHINE,FORMIAL
BROTHER,GILATOR
ACCIDENT,CONDLESS
NEEDLE,UNCHES
BUTTER,GRATTE
NEWSPAPER,FLECTEDLY
CHRISTMAS,SOCIOUCED
DESERT,PANAIS
EXERCISE,HARMISER
SECRET,THMUFF
FEELING,PROTLES
IMPORTANT,ROGREEZES
MARRIAGE,SHORDANA
PRISON,WAIING
FINISH,GIVINE
DISEASE,SACRATS
DIAMOND,PINKISE
COFFEE,BARGLE
STRING,WORKSH
ELECTRICITY,PARKLOUNTED
TROUBLE,ENDETED
COOKIE,LONDEL
CIGARETTE,SCANIZEST
VEGETABLES,BAIRAQUALE
MUSCLE,COURNE
SUMMER,LATETS
TRAVEL,IMINGS
GROUND,PHISIT
INDIAN,NALISM
WINDOW,ABDULA
SQUARE,UNACKS
GARBAGE,DRIFING
HAMMER,HOOTHS
PENCIL,ARTELY
PRESENT,NISTORK
LEADER,SWALLY
SANDWICH,CRYSSATE
FORGET,YUNESS
NERVOUS,DYINCER
INSECT,PROPHY
BUSINESS,PEDESIAN
WEDDING,CONDICY
BROKEN,APPLIC
CANCER,KNOWLS
OFFICE,SARANK