"","Targets"
"1","STREET"
"2","INSTRUMENT"
"3","YELLOW"
"4","KNOWLEDGE"
"5","ORANGE"
"6","WEIGHT"
"7","CHILDREN"
"8","ENGLISH"
"9","BRIGHT"
"10","SMOOTH"
"11","CIRCLE"
"12","MOTHER"
"13","VACATION"
"14","CHEESE"
"15","DESTROY"
"16","FINGER"
"17","UNDERSTAND"
"18","MEDICINE"
"19","CRIMINAL"
"20","PRIEST"
"21","PRESIDENT"
"22","LAWYER"
"23","HOSPITAL"
"24","MACHINE"
"25","ACCIDENT"
"26","NEEDLE"
"27","BUTTER"
"28","NEWSPAPER"
"29","CHRISTMAS"
"30","EXERCISE"
"31","SECRET"
"32","FEELING"
"33","IMPORTANT"
"34","MARRIAGE"
"35","FINISH"
"36","DISEASE"
"37","DIAMOND"
"38","COFFEE"
"39","STRING"
"40","TROUBLE"
"41","COOKIE"
"42","CIGARETTE"
"43","VEGETABLES"
"44","MUSCLE"
"45","TRAVEL"
"46","GROUND"
"47","INDIAN"
"48","WINDOW"
"49","SQUARE"
"50","HAMMER"
"51","PENCIL"
"52","PRESENT"
"53","LEADER"
"54","SANDWICH"
"55","NERVOUS"
"56","INSECT"
"57","BUSINESS"
"58","WEDDING"
"59","BROKEN"
"60","POLITICS"
"61","PLAYER"
"62","POTATO"
"63","MONKEY"
"64","ISLAND"
"65","DRIVER"
"66","STRAIGHT"
"67","STRESS"
"68","ELECTRICITY"
"69","CEREAL"
"70","EXPENSIVE"
"71","COLLEGE"
"72","FOREST"
"73","MAGAZINE"
"74","WORKER"
"75","FOREVER"
"76","AIRPLANE"
"77","STRANGE"
"78","REASON"
"79","BREAKFAST"
"80","MORNING"
"81","STICKY"
"82","FOLLOW"
"83","BASKETBALL"
"84","MEETING"
"85","ENERGY"
"86","VEGETABLE"
"87","FORGET"
"88","CATHOLIC"
"89","HAMBURGER"
"90","FREEDOM"
"91","MEASURE"
"92","SPORTS"
"93","PRISON"
"94","CORRECT"
"95","AMOUNT"
"96","MURDER"
"97","OPINION"
"98","MILITARY"
"99","BEAUTY"
"100","HEADACHE"
"101","HUNGRY"
"102","GUILTY"
"103","TELEPHONE"
"104","FISHING"
"105","GARBAGE"
"106","TENNIS"
"107","BROTHER"
"108","LANGUAGE"
"109","SUMMER"
"110","PARENT"
"111","RELATIVE"
"112","LIQUOR"
"113","HALLOWEEN"
"114","RESTAURANT"
"115","FLORIDA"
"116","HEAVEN"
"117","GUITAR"
"118","AMERICAN"
"119","STRENGTH"
"120","SOLDIER"
"121","PSYCHOLOGY"
"122","ACTION"
"123","AMERICA"
"124","COMPANY"
"125","CEMENT"
"126","CHOICE"
"127","WINNER"
"128","SISTER"
"129","BREATHE"
"130","GLASSES"
"131","SILVER"
"132","ELEPHANT"
"133","DESERT"
"134","CANCER"
"135","BREATH"
"136","SORROW"
"137","OFFICE"
"138","JACKET"
"139","JEWELRY"
"140","KITCHEN"
"141","BELIEF"
"142","CONTROL"
"143","OFFICER"
"144","PLANET"
"145","RABBIT"
"146","STOMACH"
"147","HONEST"
"148","PERIOD"
"149","BOTHER"
"150","NORMAL"
"151","FUTURE"
"152","SHOWER"
"153","CAREFUL"
"154","COTTON"
"155","SEPARATE"
"156","PRIVATE"
"157","PAINTING"
"158","CAMERA"
"159","COWBOY"
"160","WINTER"
"161","LENGTH"
"162","BICYCLE"
"163","CREATE"
"164","DOLLAR"
"165","BIOLOGY"
"166","CARING"
"167","ROBBER"
"168","LEATHER"
"169","APARTMENT"
"170","PARENTS"
"171","PERSONALITY"
"172","ENGINE"
"173","PILLOW"
"174","AFRAID"
"175","HEIGHT"
"176","SINGLE"
"177","UNSURE"
"178","MATURE"
"179","GENERAL"
"180","FRENCH"
"181","THREAD"
"182","STUDENT"
"183","MIDDLE"
"184","CANDLE"
"185","MONSTER"
"186","WRITING"
"187","LETTUCE"
"188","DICTIONARY"
"189","CHANCE"
"190","PURPLE"
"191","UNKNOWN"
"192","ABILITY"
"193","TOMATO"
"194","FIGURE"
"195","DESIRE"
"196","GARDEN"
"197","SUCCESS"
"198","BOTTLE"
"199","PROTECTION"
"200","RECEIVE"
"201","GREASE"
"202","FANTASY"
"203","AVERAGE"
"204","WEATHER"
"205","HAPPINESS"
"206","HEALTHY"
"207","MEANING"
"208","EXPERIMENT"
"209","SCHEDULE"
"210","HOLIDAY"
"211","BUTTON"
"212","SYSTEM"
"213","VISION"
"214","WEALTH"
"215","ILLNESS"
"216","SPECIAL"
"217","REMOVE"
"218","CONTAINER"
"219","DISAPPEAR"
"220","CHOOSE"
"221","SCRATCH"
"222","SHOPPING"
"223","EXPLODE"
"224","SENTENCE"
"225","SKINNY"
"226","PUNISHMENT"
"227","TICKET"
"228","BATHROOM"
"229","CENTER"
"230","HURRICANE"
"231","BUBBLE"
"232","BASKET"
"233","ARTIST"
"234","NUMBERS"
"235","BLANKET"
"236","SIMILAR"
"237","COMMON"
"238","INFORMATION"
"239","GEOMETRY"
"240","ANNOYING"
"241","STEREO"
"242","INTELLIGENT"
"243","CONCRETE"
"244","ATHLETE"
"245","TRUMPET"
"246","ACCEPT"
"247","PRESSURE"
"248","PROPERTY"
"249","CONFUSION"
"250","FOREIGN"
"251","CLOSET"
"252","INTELLIGENCE"
"253","FRIENDS"
"254","DISLIKE"
"255","DESTRUCTION"
"256","DEPRESSED"
"257","SPAGHETTI"
"258","MIRROR"
"259","FORWARD"
"260","POISON"
"261","STRAWBERRY"
"262","ASPIRIN"
"263","PERFUME"
"264","HIGHWAY"
"265","SECRETARY"
"266","LETTERS"
"267","SECOND"
"268","VIOLIN"
"269","SNEEZE"
"270","SHOVEL"
"271","BLONDE"
"272","INSIDE"
"273","BOYFRIEND"
"274","DISHES"
"275","JEWISH"
"276","PEANUT"
"277","CASTLE"
"278","SPEECH"
"279","HOMELESS"
"280","THEORY"
"281","SWALLOW"
"282","DANCER"
"283","ANIMALS"
"284","ITALIAN"
"285","BIRTHDAY"
"286","COMFORTABLE"
"287","DISGUSTING"
"288","RELIGIOUS"
"289","FURNITURE"
"290","SECURE"
"291","TONGUE"
"292","AGAINST"
"293","UNIQUE"
"294","DISASTER"
"295","ELECTRIC"
"296","ATTACK"
"297","DOUBLE"
"298","SINGER"
"299","RELATIONSHIP"
"300","COMFORT"
"301","FEATHER"
"302","EXCITING"
"303","WONDERFUL"
"304","RUBBER"
"305","PHYSICS"
"306","CHEMICAL"
"307","REACTION"
"308","CONCEITED"
"309","ANXIOUS"
"310","FACTORY"
"311","LAUNDRY"
"312","UNHAPPY"
"313","PUZZLE"
"314","EMBARRASS"
"315","LIGHTNING"
"316","SHAMPOO"
"317","CRACKER"
"318","BARBECUE"
"319","BLEACH"
"320","MYSTERY"
"321","FEMALE"
"322","MISTAKE"
"323","NECKLACE"
"324","WRITER"
"325","EXPLAIN"
"326","FRIGHT"
"327","STAIRS"
"328","BALLET"
"329","INNOCENT"
"330","BORROW"
"331","GRANDMA"
"332","SPANISH"
"333","HEALTH"
"334","NEGATIVE"
"335","TURKEY"
"336","INCREASE"
"337","CARPET"
"338","STATUE"
"339","OUTSIDE"
"340","PROMISE"
"341","EXCUSE"
"342","OPENING"
"343","CONSTRUCTION"
"344","SPRING"
"345","KNIGHT"
"346","AFRICA"
"347","STORAGE"
"348","MANNERS"
"349","WONDER"
"350","VAMPIRE"
"351","OBJECT"
"352","ENVIRONMENT"
"353","FUNERAL"
"354","SCIENTIST"
"355","LIQUID"
"356","AGREEMENT"
"357","LONELY"
"358","THEATER"
"359","MEMORY"
"360","REGULAR"
"361","HORROR"
"362","DIFFICULT"
"363","THROAT"
"364","PLENTY"
"365","EVENING"
"366","POLITE"
"367","HIDDEN"
"368","DESSERT"
"369","HANDLE"
"370","CAMPING"
"371","WRENCH"
"372","QUARTER"
"373","SUCCEED"
"374","DRAWING"
"375","DESIGN"
"376","UNCONSCIOUS"
"377","INJURY"
"378","COUPLE"
"379","MANAGER"
"380","BEHAVIOR"
"381","PRAISE"
"382","VIOLENT"
"383","EDUCATION"
"384","OUTGOING"
"385","ANCIENT"
"386","EUROPE"
"387","RELEASE"
"388","CHERRY"
"389","MICROSCOPE"
"390","CHRISTIAN"
"391","AUTHORITY"
"392","PUDDING"
"393","FLOWERS"
"394","LEAVES"
"395","VOLCANO"
"396","SCREAM"
"397","THIRST"
"398","KETCHUP"
"399","DIVIDE"
"400","PEPPER"
"401","TORNADO"
"402","POSITIVE"
"403","PANCAKES"
"404","CIRCUS"
"405","MUSTARD"
"406","SIDEWALK"
"407","DIRECTION"
"408","PERFECT"
"409","MOTORCYCLE"
"410","BEGINNING"
"411","STRIPE"
"412","SQUIRREL"
"413","ACCOUNT"
"414","FRATERNITY"
"415","STREAM"
"416","BASEMENT"
"417","ARGUMENT"
"418","PRISONER"
"419","OXYGEN"
"420","FASHION"
"421","SIMPLE"
"422","JUNGLE"
"423","COURAGE"
"424","BRANCH"
"425","TISSUE"
"426","HONESTY"
"427","DANGEROUS"
"428","SEAFOOD"
"429","TERRIBLE"
"430","MOVEMENT"
"431","STATION"
"432","EMOTION"
"433","ELEVATOR"
"434","BANANA"
"435","UNCLEAR"
"436","CROOKED"
"437","PUNISH"
"438","SUITCASE"
"439","DEFEAT"
"440","SAFETY"
"441","CLOUDY"
"442","MATERIAL"
"443","SWEATER"
"444","CEILING"
"445","PAYMENT"
"446","GROCERIES"
"447","PARKING"
"448","EXPLOSION"
"449","SUNSHINE"
"450","SEARCH"
"451","PATIENT"
"452","DEGREE"
"453","JUSTICE"
"454","SOCCER"
"455","ILLEGAL"
"456","WHISKEY"
"457","SHRIMP"
"458","CAUTION"
"459","RODENT"
"460","PEACEFUL"
"461","ORGANIZE"
"462","DENTIST"
"463","VIRGIN"
"464","KITTEN"
"465","SECURITY"
"466","COMPLETE"
"467","SERVICE"
"468","UNUSUAL"
"469","STICKER"
"470","POETRY"
"471","EXCITED"
"472","ADMIRE"
"473","COMPLEX"
"474","COLLAR"
"475","BRIDGE"
"476","UNCERTAIN"
"477","FRIENDLY"
"478","CONCERT"
"479","STRETCH"
"480","MARKET"
"481","ALGEBRA"
"482","OLYMPICS"
"483","AWESOME"
"484","MARIJUANA"
"485","SPEAKER"
"486","ROMANCE"
"487","REJECT"
"488","SICKNESS"
"489","STRIKE"
"490","KINGDOM"
"491","HISTORY"
"492","BOUNCE"
"493","CONQUER"
"494","DECEIVE"
"495","TRAFFIC"
"496","RESEARCH"
"497","GYMNASTICS"
"498","DOLPHIN"
"499","BUTTERFLY"
"500","TEMPERATURE"
"501","TOILET"
"502","MORALS"
"503","SUBTRACT"
"504","DOLLARS"
"505","NICKEL"
"506","IGNORE"
"507","SYMPATHY"
"508","WAITER"
"509","MINUTE"
"510","FRAGILE"
"511","SUNSET"
"512","ALUMINUM"
"513","DECISION"
"514","FRANCE"
"515","CHRIST"
"516","BRACELET"
"517","HALLWAY"
"518","BEHIND"
"519","WAITRESS"
"520","COLLECT"
"521","EMPLOYEE"
"522","DOUGHNUT"
"523","RECORD"
"524","DISAGREE"
"525","ENGLAND"
"526","PRINCESS"
"527","FICTION"
"528","CARROT"
"529","DIVORCE"
"530","FINGERS"
"531","AIRPORT"
"532","FUNGUS"
"533","TRIANGLE"
"534","INSURANCE"
"535","REPEAT"
"536","ABNORMAL"
"537","BROCCOLI"
"538","SERVANT"
"539","FORGIVE"
"540","CALIFORNIA"
"541","PURPOSE"
"542","DEODORANT"
"543","LADDER"
"544","SUNDAY"
"545","FAUCET"
"546","MULTIPLY"
"547","SURGERY"
"548","HYDROGEN"
"549","COMMENT"
"550","FREEZE"
"551","EMERGENCY"
"552","RESPONSE"
"553","AUTHOR"
"554","COCAINE"
"555","BREAKABLE"
"556","JOURNEY"
"557","RESPECT"
"558","UNCOMFORTABLE"
"559","SILENT"
"560","NEIGHBORHOOD"
"561","DISTANCE"
"562","SLIPPERY"
"563","TUNNEL"
"564","KILLER"
"565","INSULT"
"566","CONFUSED"
"567","ENTRANCE"
"568","ENVELOPE"
"569","ADVENTURE"
"570","LIVING"
"571","DRAGON"
"572","SAXOPHONE"
"573","HANGER"
"574","DRESSING"
"575","TALENT"
"576","BACTERIA"
"577","SOCKET"
"578","SOLUTION"
"579","PROFESSOR"
"580","YOGURT"
"581","CUSHION"
"582","POLITICIAN"
"583","MOTION"
"584","NATURE"
"585","FROZEN"
"586","DECIDE"
"587","REFUSE"
"588","TYPEWRITER"
"589","SLOPPY"
"590","STATEMENT"
"591","ARROGANT"
"592","THERAPY"
"593","WEIGHTS"
"594","SERGEANT"
"595","CALCULUS"
"596","MOSQUITO"
"597","BURGLAR"
"598","VANILLA"
"599","PLAYGROUND"
"600","BATTERY"
"601","DISCOVER"
"602","COWARD"
"603","AMATEUR"
"604","ESCAPE"
"605","ORIGINAL"
"606","ADVICE"
"607","PARAGRAPH"
"608","CONCLUSION"
"609","REWARD"
"610","COPPER"
"611","GOODBYE"
"612","DETERGENT"
"613","DISORDER"
"614","ACCOMPLISH"
"615","WARNING"
"616","MASTER"
"617","EARRING"
"618","PRODUCT"
"619","EXPERT"
"620","CLARINET"
"621","SURPRISE"
"622","OPPOSITE"
"623","SIGNAL"
"624","CAPTAIN"
"625","VALLEY"
"626","DOCUMENT"
"627","COMEDY"
"628","OFFICIAL"
"629","HOLDER"
"630","CURTAIN"
"631","CALENDAR"
"632","CULTURE"
"633","TRANSPORTATION"
"634","SEASONING"
"635","PICNIC"
"636","FARMER"
"637","GENTLE"
"638","MAGICIAN"
"639","REPORT"
"640","RETURN"
"641","SELFISH"
"642","HELPFUL"
"643","HUSBAND"
"644","TOOTHPASTE"
"645","ROTTEN"
"646","TOMORROW"
"647","FLAKES"
"648","BOTTOM"
"649","SCISSORS"
"650","ENDING"
"651","ASLEEP"
"652","STAPLE"
"653","HUNGER"
"654","ENCYCLOPEDIA"
"655","ADULTS"
"656","NOODLES"
"657","SHEETS"
"658","ORCHESTRA"
"659","WASHER"
"660","OUTDOORS"
"661","HOCKEY"
"662","REPUBLICAN"
"663","PRECISE"
"664","DIRECTIONS"
"665","FORTUNE"
"666","EMPIRE"
"667","REFRIGERATOR"
"668","MUFFIN"
"669","INHALE"
"670","THIRSTY"
"671","LOVING"
"672","GIRLFRIEND"
"673","PROFESSIONAL"
"674","ELECTION"
"675","SEATBELT"
"676","TEMPLE"
"677","GAMBLE"
"678","DECREASE"
"679","BACKPACK"
"680","SORORITY"
"681","HELPER"
"682","CABINET"
"683","SUMMARY"
"684","ROCKET"
"685","FOLDER"
"686","SUBJECT"
"687","OBJECTIVE"
"688","PYRAMID"
"689","PROTECT"
"690","ACHIEVE"
"691","SENIOR"
"692","POLISH"
"693","SHUTTLE"
"694","APPEAR"
"695","RAILROAD"
"696","NOTEBOOK"
"697","FIGHTER"
"698","CONDOM"
"699","BEAVER"
"700","MONDAY"
"701","PAJAMAS"
"702","FAILURE"
"703","STOCKING"
"704","PERSUADE"
"705","UNFAIR"
"706","PLASTIC"
"707","SATURDAY"
"708","SUBMARINE"
"709","DEFINITION"
"710","UNIVERSE"
"711","ADJECTIVE"
"712","NOVICE"
"713","LOBSTER"
"714","BLUEBERRY"
"715","AGGRESSIVE"
"716","ASSISTANT"
"717","LIZARD"
"718","FORMAL"
"719","SNEAKY"
"720","SAYING"
"721","WORKOUT"
"722","POCKET"
"723","SITUATION"
"724","DANDRUFF"
"725","CLEANER"
"726","EXCHANGE"
"727","REPTILE"
"728","CUCUMBER"
"729","GROWTH"
"730","DEFEND"
"731","SUGGEST"
"732","CARNIVAL"
"733","KLEENEX"
"734","SQUASH"
"735","WRINKLE"
"736","ARTICLE"
"737","PREACHER"
"738","VITAMIN"
"739","CONTRACT"
"740","PURCHASE"
"741","FLEXIBLE"
"742","EARTHQUAKE"
"743","PUMPKIN"
"744","LECTURE"
"745","CARTOON"
"746","SKETCH"
"747","ADVERB"
"748","LIPSTICK"
"749","COURSE"
"750","CLUMSY"
"751","POPCORN"
"752","FORBID"
"753","ORDINARY"
"754","MISSING"
"755","GARLIC"
"756","FABRIC"
"757","ERASER"
"758","MASSAGE"
"759","GRAMMAR"
"760","SWITCH"
"761","COUSIN"
"762","HAWAII"
"763","WORSHIP"
"764","MEDIUM"
"765","UNIVERSITY"
"766","GENIUS"
"767","BITTER"
"768","AEROBICS"
"769","MATTER"
"770","LOCATION"
"771","LICENSE"
"772","COOKIES"
"773","MISSION"
"774","REMOTE"
"775","GOSSIP"
"776","EXCITEMENT"
"777","ELEGANT"
"778","BARGAIN"
"779","FLAVOR"
"780","ETERNITY"
"781","CONFUSE"
"782","PADDLE"
"783","ATTORNEY"
"784","PRODUCE"
"785","INTEREST"
"786","PHYSICAL"
"787","ENGINEER"
"788","IMAGINE"
"789","SPOUSE"
"790","EXCELLENT"
"791","COOKED"
"792","COMMUNICATION"
"793","BULLET"
"794","KINDNESS"
"795","HYPOTHESIS"
"796","SUGGESTION"
"797","PAVEMENT"
"798","PLEASURE"
"799","DESCRIBE"
"800","PHRASE"
"801","MESSAGE"
"802","COMMITMENT"
"803","SPIRIT"
"804","ARRIVE"
"805","POWERFUL"
"806","CHARGE"
"807","TENSION"
"808","SILENCE"
"809","ROUTINE"
"810","VICTIM"
"811","ATHLETIC"
"812","OBNOXIOUS"
"813","FRIDAY"
"814","MEASUREMENT"
"815","SHORTS"
"816","PLANTS"
"817","CONVICT"
"818","INFINITY"
"819","LIEUTENANT"
"820","WEAPON"
"821","CHALLENGE"
"822","PRESENCE"
"823","UNEASY"
"824","WHISTLE"
"825","STRUCTURE"
"826","SCOTCH"
"827","AGGRAVATE"
"828","CURRENT"
"829","STROKE"
"830","DELIVER"
"831","ATTENTION"
"832","POINTS"
"833","TRACTOR"
"834","CONCERN"
"835","CALCULATOR"
"836","RASPBERRY"
"837","CONDITION"
"838","CEMETERY"
"839","TRAGEDY"
"840","SAVIOR"
"841","MINERAL"
"842","LIBRARY"
"843","NOTICE"
"844","GARAGE"
"845","GENEROUS"
"846","TERRIFIC"
"847","POPULAR"
"848","FEDERAL"
"849","SURGEON"
"850","PERMISSION"
"851","WILDERNESS"
"852","DETAIL"
"853","MEMBER"
"854","SUPPORT"
"855","ELEMENT"
"856","UNBELIEVABLE"
"857","REGISTER"
"858","NATIVE"
"859","SPIDER"
"860","PROPER"
"861","ALLIGATOR"
"862","DEMOCRAT"
"863","SHERIFF"
"864","TWELVE"
"865","TURTLE"
"866","UPSTAIRS"
"867","BUCKET"
"868","EFFECT"
"869","ADDITION"
"870","DINOSAUR"
"871","DEMAND"
"872","POTTERY"
"873","COLOGNE"
"874","DRAWER"
"875","GATHER"
"876","THUNDER"
"877","STARVE"
"878","OYSTER"
"879","DIRECT"
"880","LIBERTY"
"881","PICKLES"
"882","WELCOME"
"883","LUGGAGE"
"884","BUFFALO"
"885","DAGGER"
"886","DRAPES"
"887","PACKAGE"
"888","THANKSGIVING"
"889","DRESSER"
"890","DONKEY"
"891","ACTIVE"
"892","CONTINENT"
"893","PLANETS"
"894","HOMEWORK"
"895","TUESDAY"
"896","RESULT"
"897","ELECTRON"
"898","BEGINNER"
"899","IMPOSSIBLE"
"900","MONTHLY"
"901","CONGRESS"
"902","BANDAGE"
"903","EYEBROWS"
"904","INDEPENDENT"
"905","PROTON"
"906","ELEVEN"
"907","WANDER"
"908","SUNRISE"
"909","WEEKEND"
"910","TEENAGER"
"911","GLOVES"
"912","VALUES"
"913","NARROW"
"914","WILLING"
"915","BLOUSE"
"916","BUILDER"
"917","YESTERDAY"
"918","STRICT"
"919","OFFENSE"
"920","CABBAGE"
"921","MAJORITY"
"922","SUPERIOR"
"923","PREJUDICE"
"924","CUDDLE"
"925","CONNECT"
"926","CREATOR"
"927","TRADITION"
"928","WALLET"
"929","ROBBERY"
"930","EVIDENCE"
"931","QUANTITY"
"932","RAISIN"
"933","GALLON"
"934","RIGHTS"
"935","OPERATION"
"936","IRRITATE"
"937","CAREER"
"938","VICTORY"
"939","REINDEER"
"940","POSSIBLE"
"941","SAILOR"
"942","SUPERMAN"
"943","GROCERY"
"944","METHOD"
"945","MIXTURE"
"946","SUPPLY"
"947","PETALS"
"948","REPAIR"
"949","BALANCE"
"950","ATTRACT"
"951","ANTLER"
"952","CHARACTER"
"953","TRUSTWORTHY"
"954","BREEZE"
"955","ALPHABET"
"956","DEMOCRACY"
"957","MENTAL"
"958","POSSIBILITY"
"959","ADOLESCENT"
"960","DISHONEST"
"961","CRUNCHY"
"962","THIRTEEN"
"963","HUMBLE"
"964","SQUEEZE"
"965","DRIVEWAY"
"966","COMMERCIAL"
"967","REVIEW"
"968","LONDON"
"969","PERMIT"
"970","GOODNESS"
"971","NATURAL"
"972","FORESIGHT"
"973","RACISM"
"974","KETTLE"
"975","SENATE"
"976","BEDROOM"
"977","HOLLER"
"978","RUNNER"
"979","CATTLE"
"980","COOKING"
"981","EXPRESS"
"982","COOLER"
"983","INFORM"
"984","MAMMAL"
"985","PERSONAL"
"986","COMPLAIN"
"987","INCOME"
"988","PLATES"
"989","UNDERWEAR"
"990","MECHANICAL"
"991","POLLUTION"
"992","RIBBON"
"993","RESPONSIBILITY"
"994","ATTITUDE"
"995","IMAGINATION"
"996","JUPITER"
"997","SALMON"
"998","ABSENT"
"999","EXTINCT"
"1000","COSTUME"
"1001","PRAYER"
"1002","ILLUSION"
"1003","BARRIER"
"1004","COMPROMISE"
"1005","NUCLEAR"
"1006","TELLER"
"1007","MARKER"
"1008","COMPETITION"
"1009","GENTLEMAN"
"1010","BEWARE"
"1011","TROPHY"
"1012","BAGGAGE"
"1013","RUSSIA"
"1014","THINKING"
"1015","TUXEDO"
"1016","SCHEME"
"1017","CURIOUS"
"1018","DYNAMITE"
"1019","EINSTEIN"
"1020","PAPERS"
"1021","PRODUCER"
"1022","CELERY"
"1023","POCKETBOOK"
"1024","DIPLOMA"
"1025","AUTUMN"
"1026","HANDICAP"
"1027","SHIELD"
"1028","UNCOMMON"
"1029","STUBBORN"
"1030","PUNCTUATION"
"1031","OVERCOME"
"1032","CHINESE"
"1033","EMPATHY"
"1034","TICKLE"
"1035","OUTLAW"
"1036","BOUNDARY"
"1037","AFFAIR"
"1038","SCREWDRIVER"
"1039","CUSTOMER"
"1040","FIREPLACE"
"1041","EVERYDAY"
"1042","CRIPPLE"
"1043","FAITHFUL"
"1044","DELICIOUS"
"1045","CAPTURE"
"1046","UNREAL"
"1047","CRYSTAL"
"1048","ABUNDANCE"
"1049","SHRINK"
"1050","SATURN"
"1051","BLOCKS"
"1052","MINISTER"
"1053","BENEATH"
"1054","BARRICADE"
"1055","ATTACH"
"1056","JOGGER"
"1057","JOURNAL"
"1058","BATTLE"
"1059","MAYONNAISE"
"1060","GREETING"
"1061","WARMER"
"1062","OPENER"
"1063","CORPORATION"
"1064","DUNGEON"
"1065","CELLAR"
"1066","REALITY"
"1067","TROPICAL"
"1068","POSSESSION"
"1069","INCORRECT"
"1070","INTERSTATE"
"1071","COMPETE"
"1072","COMMITTEE"
"1073","CORNER"
"1074","SNOTTY"
"1075","CONSCIOUS"
"1076","GRACEFUL"
"1077","SENATOR"
"1078","IMMEDIATE"
"1079","LASTING"
"1080","ENGAGEMENT"
"1081","OBSTACLE"
"1082","BRICKS"
"1083","ADDICTION"
"1084","SERENE"
"1085","SCULPTURE"
"1086","PROCESS"
"1087","VIOLENCE"
"1088","DISNEY"
"1089","BATHTUB"
"1090","CONTENT"
"1091","BISCUIT"
"1092","MIRAGE"
"1093","RELIABLE"
"1094","WEEKDAY"
"1095","BANDIT"
"1096","DIVISION"
"1097","ATTRACTIVE"
"1098","ISOLATED"
"1099","ACHIEVEMENT"
"1100","ANXIETY"
"1101","DESIGNER"
"1102","LITERATURE"
"1103","PONDER"
"1104","CORRUPT"
"1105","MARINE"
"1106","GIGGLE"
"1107","CHEERLEADER"
"1108","TRANQUIL"
"1109","COLONEL"
"1110","LEMONADE"
"1111","ARCHITECT"
"1112","NECESSARY"
"1113","HANDSOME"
"1114","DEBATE"
"1115","SERIOUS"
"1116","HAPPEN"
"1117","READER"
"1118","IMPULSE"
"1119","SHOULDER"
"1120","PRINTER"
"1121","CREDIT"
"1122","CONVERSATION"
"1123","VOCABULARY"
"1124","PERFORMANCE"
"1125","WHISPER"
"1126","INVENTION"
"1127","APPOINTMENT"
"1128","BRONZE"
"1129","FESTIVAL"
"1130","PASSIVE"
"1131","DIMINISH"
"1132","SECTION"
"1133","INTERESTING"
"1134","MICROPHONE"
"1135","EXPLANATION"
"1136","DISCIPLINE"
"1137","PARROT"
"1138","CELEBRATION"
"1139","DISTURB"
"1140","NERVES"
"1141","NUCLEUS"
"1142","STATUS"
"1143","ALLERGY"
"1144","CRITICIZE"
"1145","REPRODUCE"
"1146","ATMOSPHERE"
"1147","STOLEN"
"1148","DOMINATE"
"1149","TECHNOLOGY"
"1150","CITIZEN"
"1151","TOBACCO"
"1152","ALMOND"
"1153","COLUMN"
"1154","WITHIN"
"1155","PORTION"
"1156","TWEEZERS"
"1157","CONSUMER"
"1158","MEDICAL"
"1159","INFECTION"
"1160","ACKNOWLEDGE"
"1161","UNTRUE"
"1162","LANDSCAPE"
"1163","RELIEF"
"1164","PARADISE"
"1165","DETERIORATE"
"1166","COMPANION"
"1167","SOCIAL"
"1168","SQUISH"
"1169","MOVING"
"1170","ENTERTAINMENT"
"1171","TRUTHFUL"
"1172","AGENDA"
"1173","SOMETIMES"
"1174","SCREEN"
"1175","BLEMISH"
"1176","BELONG"
"1177","BURIAL"
"1178","FRUSTRATION"
"1179","SHELTER"
"1180","PIRATE"
"1181","ASPHALT"
"1182","CONFIDENTIAL"
"1183","OBVIOUS"
"1184","CRAYON"
"1185","YEARLY"
"1186","NEUTRON"
"1187","CURTAINS"
"1188","NEPHEW"
"1189","DOWNSTAIRS"
"1190","DAUGHTER"
"1191","BALLOON"
"1192","SELLER"
"1193","ACTRESS"
"1194","SUPPER"
"1195","PRINCE"
"1196","COLDER"
"1197","STATES"
"1198","OUTLET"
"1199","BACKWARD"
"1200","ASSUME"
"1201","CAUTIOUS"
"1202","ANNUALLY"
"1203","MINIMUM"
"1204","WEDNESDAY"
"1205","KIDNAP"
"1206","RIPPED"
"1207","MAXIMUM"
"1208","SAUCER"
"1209","EXTROVERT"
"1210","COMPREHEND"
"1211","EXHALE"
"1212","GRADUATION"
"1213","TRAILER"
"1214","TIGHTEN"
"1215","HUNTER"
"1216","PIMPLE"
"1217","SHALLOW"
"1218","FRIGHTENED"
"1219","MUSTACHE"
"1220","PLEDGE"
"1221","WASHINGTON"
"1222","THURSDAY"
"1223","MODERN"
"1224","NEWTON"
"1225","WHEELCHAIR"
"1226","MUSHROOM"
"1227","GANDER"
"1228","EXAMPLE"
"1229","UNEMPLOYMENT"
"1230","IMMATURE"
"1231","NIGHTGOWN"
"1232","ADVERTISEMENT"
"1233","SLEEPY"
"1234","RIDICULOUS"
"1235","WITHOUT"
"1236","EMPLOYER"
"1237","HIGHER"
"1238","VANISH"
"1239","FOLLOWER"
"1240","PRICKLY"
"1241","DEPENDABLE"
"1242","PEROXIDE"
"1243","CONFERENCE"
"1244","BRACES"
"1245","HYPNOTIZE"
"1246","SENSITIVE"
"1247","ENLARGE"
"1248","SPOILED"
"1249","QUALITY"
"1250","CRACKLE"
"1251","MOUNTAINS"
"1252","HORRIBLE"
"1253","HARVEST"
"1254","HITCHHIKE"
"1255","NAPKIN"
"1256","MIDGET"
"1257","ROOSTER"
"1258","VALUABLE"
"1259","PATIENCE"
"1260","TANTRUM"
"1261","CORRIDOR"
"1262","BUCKLE"
"1263","FROSTED"
"1264","SALARY"
"1265","WEEKLY"
"1266","UNABLE"
"1267","CHECKERS"
"1268","AVENUE"
"1269","CLIPPER"
"1270","DIRECTOR"
"1271","TEMPER"
"1272","TELESCOPE"
"1273","CONTACT"
"1274","BRAVERY"
"1275","PITCHER"
"1276","PASSENGER"
"1277","CLIMATE"
"1278","SAMPLE"
"1279","SPREAD"
"1280","GEORGE"
"1281","BROTHERS"
"1282","SCRAMBLE"
"1283","VISITOR"
"1284","FINISHED"
"1285","CLEANLINESS"
"1286","BLINDS"
"1287","DEGREES"
"1288","LEGEND"
"1289","RATTLE"
"1290","SMOKING"
"1291","VIRTUE"
"1292","BREAST"
"1293","LOLLIPOP"
"1294","WITNESS"
"1295","AMBULANCE"
"1296","PANTYHOSE"
"1297","DECADE"
"1298","BREASTS"
"1299","CARELESS"
"1300","REGULATIONS"
"1301","COMMUNIST"
"1302","GORILLA"
"1303","HUNDRED"
"1304","NEURON"
"1305","RHYTHM"
"1306","MONOPOLY"
"1307","IMITATE"
"1308","ENCOURAGE"
"1309","BUTLER"
"1310","PRETEND"
"1311","BARLEY"
"1312","DISAGREEMENT"
"1313","SCALES"
"1314","EMPLOYEES"
"1315","MURDERER"
"1316","CAPABILITY"
"1317","BALLERINA"
"1318","LAGOON"
"1319","HOSTAGE"
"1320","BUMPER"
"1321","HANDICAPPED"
"1322","DRIVING"
"1323","DEPENDENT"
"1324","ARTISTIC"
"1325","STITCH"
"1326","WALKWAY"
"1327","CHIMNEY"
"1328","CONSERVATIVE"
"1329","SYMPATHETIC"
"1330","CHARITY"
"1331","DEADLY"
"1332","GRANDPARENT"
"1333","UNJUST"
"1334","ORGASM"
"1335","ENTERTAIN"
"1336","SLEEVE"
"1337","CEREMONY"
"1338","COUNSEL"
"1339","INFORMAL"
"1340","SERVER"
"1341","CENTURY"
"1342","SUBWAY"
"1343","OCCURRENCE"
"1344","CREASE"
"1345","COMMAND"
"1346","CALCULATE"
"1347","HOTTER"
"1348","FINGERNAIL"
"1349","ABSENCE"
"1350","CLOSED"
"1351","INVENTOR"
"1352","OPPORTUNITY"
"1353","ANATOMY"
"1354","EYELASHES"
"1355","RATHER"
"1356","SPECIFIC"
"1357","DEMOCRATIC"
"1358","SALTINE"
"1359","DECORATE"
"1360","CONCENTRATE"
"1361","STADIUM"
"1362","INSIGHT"
"1363","QUENCH"
"1364","REGRET"
"1365","LINGERIE"
"1366","CONTINUOUS"
"1367","RECORDER"
"1368","FRANKENSTEIN"
"1369","HELIUM"
"1370","DIOXIDE"
"1371","OPPONENT"
"1372","MOMENT"
"1373","CAPTIVE"
"1374","ROOMMATE"
"1375","REPRIMAND"
"1376","TOENAIL"
"1377","SOCIETY"
"1378","REMARK"
"1379","PREVIEW"
"1380","CARRIAGE"
"1381","UTENSIL"
"1382","TRANSPLANT"
"1383","CATERPILLAR"
"1384","DECORATION"
"1385","BRIEFCASE"
"1386","KEEPER"
"1387","METEOR"
"1388","GOVERNOR"
"1389","WISDOM"
"1390","COMBINE"
"1391","DELICATE"
"1392","SCENERY"
"1393","APPEARANCE"
"1394","LEARNER"
"1395","GULLIBLE"
"1396","VOLLEYBALL"
"1397","MEXICO"
"1398","ESCALATOR"
"1399","REFEREE"
"1400","CROCHET"
"1401","HARMONY"
"1402","DISBELIEF"
"1403","SHOELACE"
"1404","BEYOND"
"1405","DIGGER"
"1406","INCLINE"
"1407","UNLAWFUL"
"1408","JIGGLE"
"1409","TREATMENT"
"1410","CRUNCH"
"1411","SHIVER"
"1412","SIGNATURE"
"1413","COMPASS"
"1414","WITHDRAW"
"1415","SLIPPERS"
"1416","EASTER"
"1417","MARINES"
"1418","COMMUNISM"
"1419","PROBABILITY"
"1420","CANYON"
"1421","GRACIOUS"
"1422","THREAT"
"1423","DEPOSIT"
"1424","POSTER"
"1425","DARING"
"1426","PROSPER"
"1427","GADGET"
"1428","TUMBLE"
"1429","BLACKBOARD"
"1430","ADVANCE"
"1431","RAINBOW"
"1432","SQUIRM"
"1433","DREARY"
"1434","ADVISE"
"1435","CARROTS"
"1436","FITNESS"
"1437","REAGAN"
"1438","CALORIES"
"1439","TARGET"
"1440","MECHANIC"
"1441","MEXICAN"
"1442","PLEASANT"
"1443","GOBLIN"
"1444","SKELETON"
"1445","ASTROLOGY"
"1446","PRODUCTS"
"1447","ALBERT"
"1448","URGENT"
"1449","ANARCHY"
"1450","BASHFUL"
"1451","LAUNCH"
"1452","REMEDY"
"1453","DETECTIVE"
"1454","POSITION"
"1455","HECTIC"
"1456","MISUNDERSTAND"
"1457","LIGHTER"
"1458","OATMEAL"
"1459","REPLACE"
"1460","DIVING"
"1461","AFFECT"
"1462","LIVELY"
"1463","COMPLIMENT"
"1464","MOLECULE"
"1465","FRIENDSHIP"
"1466","BAPTIST"
"1467","HORMONES"
"1468","VILLAIN"
"1469","THOUGHTS"
"1470","ENDLESS"
"1471","PLUMBER"
"1472","COPIER"
"1473","HITLER"
"1474","MINDED"
"1475","SPONGE"
"1476","CAUGHT"
"1477","KIDNEY"
"1478","HAIRSPRAY"
"1479","POLICY"
"1480","POSSESS"
"1481","DISINTEGRATE"
"1482","INDIVIDUAL"
"1483","PREACH"
"1484","USELESS"
"1485","BACKGROUND"
"1486","CERAMIC"
"1487","JUDGMENT"
"1488","GROUNDS"
"1489","DWARVES"
"1490","IDENTIFICATION"
"1491","MYSELF"
"1492","PROTESTANT"
"1493","PREGNANT"
"1494","CASHEW"
"1495","IRRITATING"
"1496","MISSILE"
"1497","REBUILD"
"1498","SPLINTER"
"1499","TERRITORY"
"1500","RECYCLE"
"1501","BOXING"
"1502","DOORWAY"
"1503","STINGRAY"
"1504","CARDINAL"
"1505","DAMAGE"
"1506","CONTACTS"
"1507","MILDEW"
"1508","HAPPENING"
"1509","RECENT"
"1510","BARREL"
"1511","INSTRUCTOR"
"1512","BATMAN"
"1513","CELEBRATE"
"1514","SELECT"
"1515","GREASY"
"1516","STANDARDS"
"1517","SINCERITY"
"1518","STINGY"
"1519","SPONTANEOUS"
"1520","BELIEFS"
"1521","DUPLICATE"
"1522","HUMILIATE"
"1523","CREATIVE"
"1524","ASCEND"
"1525","CHAPTER"
"1526","SAUSAGE"
"1527","RELAXED"
"1528","EFFORT"
"1529","BRILLIANT"
"1530","TORTOISE"
"1531","EXHAUSTED"
"1532","OUTCOME"
"1533","ROMANTIC"
"1534","SPARKLE"
"1535","INTUITION"
"1536","TRAVELER"
"1537","HOPELESS"
"1538","GRANDMOTHER"
"1539","POWDER"
"1540","ROGERS"
"1541","DOORBELL"
"1542","POUNDS"
"1543","EXCITE"
"1544","OUTFIT"
"1545","DEMOLISH"
"1546","MASTERS"
"1547","PASSAGE"
"1548","POTENTIAL"
"1549","PERCEIVE"
"1550","CRISIS"
"1551","PARTICULAR"
"1552","PROHIBIT"
"1553","DISGUISE"
"1554","LOYALTY"
"1555","EXTREMES"
"1556","ENERGETIC"
"1557","GORGEOUS"
"1558","OBSERVE"
"1559","RESPONSIBLE"
"1560","CONFESSION"
"1561","KNUCKLE"
"1562","ECONOMY"
"1563","CROSSING"
"1564","FREEWAY"
"1565","POSSESSED"
"1566","OUTLINE"
"1567","STANDARD"
"1568","DEPRESSION"
"1569","MONARCHY"
"1570","SCATTER"
"1571","EMPATHETIC"
"1572","HANDWRITING"
"1573","VIOLET"
"1574","HOPEFUL"
"1575","ALASKA"
"1576","BOULEVARD"
"1577","HARMFUL"
"1578","CONSEQUENCE"
"1579","CARBON"
"1580","NAUGHTY"
"1581","WAVELENGTH"
"1582","TYPIST"
"1583","BLACKMAIL"
"1584","SALUTE"
"1585","MANSION"
"1586","ASTEROID"
"1587","SUPERVISOR"
"1588","INVENT"
"1589","SOOTHE"
"1590","DICTATOR"
"1591","UNEQUAL"
"1592","NATION"
"1593","AFFECTION"
"1594","PLIERS"
"1595","DISTANT"
"1596","PANTHER"
"1597","SECLUDED"
"1598","MEADOW"
"1599","ORIENTAL"
"1600","MICROWAVE"
"1601","TATTLE"
"1602","SWIMMER"
"1603","GRANDFATHER"
"1604","FEATURE"
"1605","READING"
"1606","PERCENT"
"1607","UNDECIDED"
"1608","VACUUM"
"1609","ESTEEM"
"1610","OBTAIN"
"1611","BOWLING"
"1612","WAREHOUSE"
"1613","INNOCENCE"
"1614","STEADY"
"1615","CONCEIT"
"1616","RITUAL"
"1617","TERROR"
"1618","DEFINITE"
"1619","ADVANCED"
"1620","ANALYZE"
"1621","INTROVERT"
"1622","DEGRADE"
"1623","TREASURE"
"1624","WICKED"
"1625","BLURRY"
"1626","SELECTION"
"1627","HOUSING"
"1628","THESIS"
"1629","AMBIGUOUS"
"1630","LUXURY"
"1631","INFANT"
"1632","SACRED"
"1633","PROCRASTINATE"
"1634","TECHNICIAN"
"1635","PUBERTY"
"1636","TENTACLES"
"1637","AUGUST"
"1638","CONDUCTOR"
"1639","URANUS"
"1640","FLIGHT"
"1641","BOURBON"
"1642","BOULDER"
"1643","PARTICIPATE"
"1644","HISPANIC"
"1645","ROYALTY"
"1646","OPPOSE"
"1647","OPTION"
"1648","ELDERLY"
"1649","PETROLEUM"
"1650","SURROUNDING"
"1651","REMOVER"
"1652","CHAUFFEUR"
"1653","LOTTERY"
"1654","SUPERMARKET"
"1655","STRAIGHTEN"
"1656","GATHERING"
"1657","FATTENING"
"1658","CURSIVE"
"1659","COMMUNICATE"
"1660","COMPOSE"
"1661","MARBLE"
"1662","INSTRUCTION"
"1663","FLUFFY"
"1664","CUPBOARD"
"1665","REPRESENTATIVE"
"1666","FANTASTIC"
"1667","BETRAY"
"1668","LOTION"
"1669","SNUGGLE"
"1670","RAISINS"
"1671","REPORTER"
"1672","EYELASH"
"1673","SQUEAK"
"1674","PROBABLY"
"1675","ASSAULT"
"1676","CARESS"
"1677","CONTEST"
"1678","EMERALD"
"1679","EDUCATE"
"1680","PSYCHOTIC"
"1681","SNEAKER"
"1682","CERTAIN"
"1683","SUDDEN"
"1684","LINCOLN"
"1685","CONVERSE"
"1686","WASTED"
"1687","STRICKEN"
"1688","MAGNET"
"1689","COLUMBUS"
"1690","EXHAUST"
"1691","ADVANTAGE"
"1692","SEASON"
"1693","COMPOUND"
"1694","PASSION"
"1695","ASTRONOMY"
"1696","POVERTY"
"1697","DISABILITY"
"1698","BLACKS"
"1699","APATHY"
"1700","RADICAL"
"1701","MEMORIES"
"1702","OBLIGATION"
"1703","AMBITION"
"1704","CUSTOM"
"1705","FORCEFUL"
"1706","DISTRUST"
"1707","BREAKDOWN"
"1708","COMEDIAN"
"1709","SINCERE"
"1710","CHEETAH"
"1711","INFLUENCE"
"1712","MUSCLES"
"1713","METHODIST"
"1714","CONSENT"
"1715","EIGHTEEN"
"1716","COMMUNITY"
"1717","GENETICS"
"1718","CHILDHOOD"
"1719","EXPRESSION"
"1720","ACQUIRE"
"1721","LIMBER"
"1722","MATTRESS"
"1723","CONCEPT"
"1724","GEORGIA"
"1725","EXAMINE"
"1726","LUXURIOUS"
"1727","LOOSEN"
"1728","MEMORIAL"
"1729","STRIVE"
"1730","REVERSE"
"1731","BACHELOR"
"1732","COLORS"
"1733","THERMOMETER"
"1734","PROTECTOR"
"1735","CLIPPERS"
"1736","IMPATIENCE"
"1737","GOLDEN"
"1738","ATTENTIVE"
"1739","ASSIST"
"1740","ELABORATE"
"1741","CHAMPION"
"1742","APPLIANCE"
"1743","SLACKS"
"1744","ORNAMENT"
"1745","ADDICT"
"1746","MARTINI"
"1747","COMPARE"
"1748","HEADING"
"1749","CAPRICORN"
"1750","CHIMPANZEE"
"1751","ACADEMY"
"1752","ELEMENTS"
"1753","BAHAMAS"
"1754","DISCUSS"
"1755","ETERNAL"
"1756","UNUSED"
"1757","LUBRICATE"
"1758","BURGLARY"
"1759","ETHIOPIA"
"1760","DISCUSSION"
"1761","INQUISITIVE"
"1762","MEDIEVAL"
"1763","SCORPIO"
"1764","OVERTHROW"
"1765","SANDALS"
"1766","LOUNGE"
"1767","NATIONAL"
"1768","FRENZY"
"1769","SCRAPE"
"1770","SUICIDE"
"1771","NEPTUNE"
"1772","AMPLIFY"
"1773","CLOTHING"
"1774","DEVELOPMENT"
"1775","DISABLED"
"1776","ANGUISH"
"1777","CLEVER"
"1778","BAKERY"
"1779","WALKER"
"1780","JINGLE"
"1781","HYGIENE"
"1782","UNHEALTHY"
"1783","CAMPAIGN"
"1784","WARRIOR"
"1785","HALLUCINATION"
"1786","FRINGE"
"1787","MONOTONOUS"
"1788","CRUISE"
"1789","MISSISSIPPI"
"1790","INSTANT"
"1791","BENEFIT"
"1792","ENFORCEMENT"
"1793","OMELET"
"1794","MELLOW"
"1795","DETERMINE"
"1796","PORCELAIN"
"1797","CONFLICT"
"1798","RACQUETBALL"
"1799","TOMBSTONE"
"1800","PEBBLE"
"1801","RADIATION"
"1802","INTERIOR"
"1803","BEANSTALK"
"1804","UNLOCK"
"1805","MANUFACTURE"
"1806","CHAINS"
"1807","YOURSELF"
"1808","PERFECTION"
"1809","NONSENSE"
"1810","VEHICLE"
"1811","DRESSY"
"1812","FOOLISH"
"1813","GRANDPARENTS"
"1814","SNORKEL"
"1815","CASUAL"
"1816","PERMANENT"
"1817","BELONGING"
"1818","REPETITIVE"
"1819","INGREDIENT"
"1820","SKEPTIC"
"1821","TAKEOVER"
"1822","DESPAIR"
"1823","PHILOSOPHY"
"1824","OVERLOAD"
"1825","CRICKET"
"1826","WELFARE"
"1827","UNWANTED"
"1828","BEATLES"
"1829","IMPRESSED"
"1830","RANSOM"
"1831","THOUGHTFUL"
"1832","STRUGGLE"
"1833","GALAXY"
"1834","PICKLE"
"1835","DEFENSE"
"1836","SUBTRACTION"
"1837","DEPEND"
"1838","GRANDPA"
"1839","SITTING"
"1840","JEALOUSY"
"1841","CLOSING"
"1842","CROCODILE"
"1843","STANDING"
"1844","PAINTER"
"1845","CONDITIONER"
"1846","EXTERIOR"
"1847","REFLECTION"
"1848","MINORITY"
"1849","NIGHTS"
"1850","EMOTIONS"
"1851","WIPERS"
"1852","DELINQUENT"
"1853","THOUSAND"
"1854","STOPLIGHT"
"1855","MINUTES"
"1856","WEAKNESS"
"1857","ARTERY"
"1858","CREATIVITY"
"1859","FAHRENHEIT"
"1860","ALLEGIANCE"
"1861","RECIPE"
"1862","KANGAROO"
"1863","TOOTHBRUSH"
"1864","CHARACTERISTIC"
"1865","GREEKS"
"1866","SECONDS"
"1867","OCTOPUS"
"1868","HOSTESS"
"1869","MARGARINE"
"1870","PANTIES"
"1871","STOCKINGS"
"1872","SALIVA"
"1873","DESCEND"
"1874","ALRIGHT"
"1875","DESTINY"
"1876","NEEDED"
"1877","ASHTRAY"
"1878","PESSIMISTIC"
"1879","POPEYE"
"1880","QUESTIONS"
"1881","SOPRANO"
"1882","DOWNSTREAM"
"1883","MEATBALLS"
"1884","SUFFOCATE"
"1885","BRUNETTE"
"1886","SECRETS"
"1887","LEAGUE"
"1888","COMPACT"
"1889","ELBOWS"
"1890","SPINACH"
"1891","INDOORS"
"1892","BUSTLE"
"1893","WALKING"
"1894","UPSTREAM"
"1895","APOLOGY"
"1896","TAKING"
"1897","INSANE"
"1898","TEACHERS"
"1899","OBSESSION"
"1900","SEMESTER"
"1901","FOURTH"
"1902","DISAPPROVAL"
"1903","JUVENILE"
"1904","FORGOT"
"1905","PERSPIRE"
"1906","GYMNAST"
"1907","IRREGULAR"
"1908","SAUCERS"
"1909","SMUDGE"
"1910","DUCKLING"
"1911","CRITICISM"
"1912","READERS"
"1913","SEWING"
"1914","HANDBAG"
"1915","DEPART"
"1916","TALKING"
"1917","LESSON"
"1918","STARVING"
"1919","STATISTICS"
"1920","PARTNER"
"1921","SWOLLEN"
"1922","RACKET"
"1923","ACCUSE"
"1924","RECKLESS"
"1925","MULTIPLICATION"
"1926","OBJECTS"
"1927","CRAFTS"
"1928","PRESENTATION"
"1929","WANDERER"
"1930","ESKIMO"
"1931","SUCKER"
"1932","AUSTRALIA"
"1933","DRIVERS"
"1934","LENSES"
"1935","GHETTO"
"1936","PEANUTS"
"1937","JIGSAW"
"1938","THRILLER"
"1939","APPROVE"
"1940","SWIMMING"
"1941","MASCARA"
"1942","ACCURATE"
"1943","DEPUTY"
"1944","ETIQUETTE"
"1945","SMOTHER"
"1946","BRITAIN"
"1947","SENTENCES"
"1948","NORTHERN"
"1949","SANDRA"
"1950","JOGGING"
"1951","HEARTS"
"1952","STONES"
"1953","EXPENSE"
"1954","CONVINCE"
"1955","GAGGED"
"1956","ADDICTED"
"1957","FREQUENT"
"1958","BLOSSOM"
"1959","NONFICTION"
"1960","KILOMETER"
"1961","BLOCKADE"
"1962","INSTRUCTIONS"
"1963","PARMESAN"
"1964","PICKET"
"1965","DECIDED"
"1966","CLIENT"
"1967","TALENTED"
"1968","COMBINATION"
"1969","INCAPABLE"
"1970","NIGHTMARE"
"1971","PROTEST"
"1972","PUBLIC"
"1973","DIFFER"
"1974","TWENTY"
"1975","TWILIGHT"
"1976","HYPERACTIVE"
"1977","THINKER"
"1978","INVISIBLE"
"1979","TESTAMENT"
"1980","MISTER"
"1981","CACTUS"
"1982","GREEDY"
"1983","INFERIOR"
"1984","FADDLE"
"1985","TRIPLE"
"1986","DALMATIAN"
"1987","INVESTIGATION"
"1988","INCOMPLETE"
"1989","GINGER"
"1990","MITTEN"
"1991","UNDERGARMENT"
"1992","CONFESS"
"1993","DESCENT"
"1994","GALLOP"
"1995","ATTEMPT"
"1996","PRESCRIPTION"
"1997","CONSTRUCT"
"1998","STRANGLE"
"1999","TONIGHT"
"2000","FIGURES"
"2001","TRANCE"
"2002","SWERVE"
"2003","TEEPEE"
"2004","WAFFLES"
"2005","PROTEIN"
"2006","HINDSIGHT"
"2007","BROUGHT"
"2008","OPERATE"
"2009","GREENS"
"2010","EVERYONE"
"2011","TOASTER"
"2012","PROGRAM"
"2013","DESTRUCTIVE"
"2014","ROADRUNNER"
"2015","FARTHER"
"2016","LAWSUIT"
"2017","SLANDER"
"2018","MARROW"
"2019","FREEZER"
"2020","SHRINE"
"2021","PANAMA"
"2022","CHORUS"
"2023","INDIRECT"
"2024","SHADES"
"2025","CHANNEL"
"2026","SOCRATES"
"2027","SHINGLE"
"2028","RIVALRY"
"2029","STUFFER"
"2030","AARDVARK"
"2031","IMAGINATIVE"
"2032","MODEST"
"2033","MONTHS"
"2034","MISSES"
"2035","FLYING"
"2036","BOOGER"
"2037","BACKBONE"
"2038","DEFROST"
"2039","WITCHCRAFT"
"2040","TERRORIST"
"2041","DISOBEY"
"2042","GRIZZLY"
"2043","FEELINGS"
"2044","TRILLION"
"2045","FORESEE"
"2046","WORTHLESS"
"2047","SPADES"
"2048","ZIPPER"
"2049","JAPANESE"
"2050","FILTHY"
"2051","ENEMIES"
"2052","BETWEEN"
"2053","CARRIER"
"2054","PRONOUN"
"2055","FRACTURE"
"2056","UPTOWN"
"2057","SAVINGS"
"2058","MIDNIGHT"
"2059","STARTER"
"2060","REMAIN"
"2061","SHORTCAKE"
"2062","FOREGROUND"
"2063","RECEIVING"
"2064","CHILDISH"
"2065","MASHED"
"2066","SCRABBLE"
"2067","IMPEDIMENT"
"2068","PHYSIOLOGY"
"2069","MELODY"
"2070","SADDLE"
"2071","POSTURE"
"2072","PROCEDURE"
"2073","SCROLL"
"2074","ENLIST"
"2075","SADNESS"
"2076","FEATHERS"
"2077","RECESSIVE"
"2078","BADNESS"
"2079","DENTAL"
"2080","OUTTAKE"
"2081","CREATED"
"2082","HELMET"
"2083","TOUCHY"
"2084","COFFIN"
"2085","GODMOTHER"
"2086","DARKER"
"2087","DRENCH"
"2088","JOBLESS"
"2089","DETACH"
"2090","JURASSIC"
"2091","CHROMOSOMES"
"2092","DISABLE"
"2093","TOMATOES"
"2094","ATOMIC"
"2095","INCOMPETENT"
"2096","ADVENTUROUS"
"2097","OPTICS"
"2098","AGGRAVATED"
"2099","ANTHEM"
"2100","DETROIT"
"2101","SQUEAL"
"2102","LUMBER"
"2103","CAPABLE"
"2104","MANDATORY"
"2105","TREBLE"
"2106","CATASTROPHE"
"2107","BUILDINGS"
"2108","FRIENDLINESS"
"2109","MONASTERY"
"2110","PEPPERONI"
"2111","FACULTY"
"2112","EYEBALL"
"2113","SUSPENSE"
"2114","RECALL"
"2115","CASSETTE"
"2116","DISCONNECT"
"2117","SURROUNDINGS"
"2118","SYMPHONY"
"2119","BORDER"
"2120","CARDBOARD"
"2121","BRUISES"
"2122","ACROBATS"
"2123","UNDERWATER"
"2124","DISCREET"
"2125","OVERVIEW"
"2126","ELECTRICIAN"
"2127","USEFUL"
"2128","GROUNDED"
"2129","HANDKERCHIEF"
"2130","DISGRACE"
"2131","SMOKEY"
"2132","APPROXIMATE"
"2133","BRUISE"
"2134","THESAURUS"
"2135","ACCOMPLISHED"
"2136","IMMORAL"
"2137","APPARENT"
"2138","CAULIFLOWER"
"2139","LIMOUSINE"
"2140","SCRIPT"
"2141","REPUBLIC"
"2142","PARDON"
"2143","UNLOAD"
"2144","JANUARY"
"2145","CATCHER"
"2146","WASHCLOTH"
"2147","TRAITOR"
"2148","COMMERCE"
"2149","EARRINGS"
"2150","CANCEL"
"2151","ANYONE"
"2152","INFAMOUS"
"2153","SOARING"
"2154","DOODLE"
"2155","TYPICAL"
"2156","MOTIONLESS"
"2157","VALENTINE"
"2158","NATIONS"
"2159","MINNESOTA"
"2160","SUBJECTIVE"
"2161","COCKTAIL"
"2162","CINNAMON"
"2163","OUTWIT"
"2164","UNAWARE"
"2165","REAPPEAR"
"2166","SNATCH"
"2167","UNCOOKED"
"2168","CUNNING"
"2169","ACCENT"
"2170","PIGEON"
"2171","BUTTONS"
"2172","SNOOZE"
"2173","STAINS"
"2174","APPRECIATION"
"2175","CHAMBER"
"2176","BETRAYAL"
"2177","OPINIONS"
"2178","OBLIVIOUS"
"2179","HEADBAND"
"2180","SLOGAN"
"2181","PENNIES"
"2182","INEXPENSIVE"
"2183","ASCENT"
"2184","DISSOLVE"
"2185","EXPLOSIVE"
"2186","CANDIDATE"
"2187","CORRODE"
"2188","FOUNTAIN"
"2189","CAPTURED"
"2190","ABDUCT"
"2191","ARACHNID"
"2192","EIFFEL"
"2193","FORETELL"
"2194","PORCUPINE"
"2195","RACQUET"
"2196","STEWART"
"2197","CONSTRUCTIVE"
"2198","WEAPONS"
"2199","CAFFEINE"
"2200","SERVICES"
"2201","COSMETICS"
"2202","INTRODUCE"
"2203","BLENDER"
"2204","PLAYING"
"2205","PIECES"
"2206","MISTERS"
"2207","DEPLETION"
"2208","RESTROOM"
"2209","SUCCESSFUL"
"2210","RECEPTION"
"2211","STRINGS"
"2212","BLANKETS"
"2213","GRASSHOPPER"
"2214","DISAPPOINTED"
"2215","SUBMISSIVE"
"2216","OUTSTANDING"
"2217","GIFTED"
"2218","HELPLESS"
"2219","ORGANIZED"
"2220","JUDGES"
"2221","PREDATOR"
"2222","OCCASIONAL"
"2223","NIAGARA"
"2224","TURNING"
"2225","CHEMIST"
"2226","TILING"
"2227","BUSTER"
"2228","CERAMICS"
"2229","RELIEVE"
"2230","ASTOUND"
"2231","FURTHER"
"2232","DAIQUIRI"
"2233","MORALITY"
"2234","EXPAND"
"2235","RACCOON"
"2236","SALESMAN"
"2237","STRIPES"
"2238","BITCHES"
"2239","IDENTICAL"
"2240","SOLVED"
"2241","INTENSIVE"
"2242","LUBRICANT"
"2243","CUTLET"
"2244","BLUBBER"
"2245","HANDCUFFS"
"2246","COLORADO"
"2247","INTERRUPT"
"2248","TRUTHFULNESS"
"2249","YELLOWSTONE"
"2250","HALLELUJAH"
"2251","PLANTERS"
"2252","SEAGULL"
"2253","FRAGRANCE"
"2254","STRATEGY"
"2255","NICOTINE"
"2256","TOWERING"
"2257","FINITE"
"2258","ROLLER"
"2259","AWKWARD"
"2260","TREMOR"
"2261","BROTHERHOOD"
"2262","SCIENTIFIC"
"2263","FLORIDIAN"
"2264","INVOLVE"
"2265","UNHEARD"
"2266","ADULTERY"
"2267","AUTOMOBILE"
"2268","VERTEBRA"
"2269","JOYOUS"
"2270","SATISFIED"
"2271","RADIUS"
"2272","PHARAOH"
"2273","EYELID"
"2274","CLOSER"
"2275","ARREST"
"2276","LIKELY"
"2277","CLOVER"
"2278","SCHOLAR"
"2279","STIRRED"
"2280","PREPARE"
"2281","DISPROVE"
"2282","DISPLAY"
"2283","ANTISOCIAL"
"2284","HEDGEHOG"
"2285","COMBUSTION"
"2286","AEROSOL"
"2287","QUOTIENT"
"2288","CONFIDENT"
"2289","ENDEARMENT"
"2290","DISCIPLES"
"2291","ABUSED"
"2292","WARLOCK"
"2293","FIGHTING"
"2294","DECADES"
"2295","DISBELIEVE"
"2296","PLENTIFUL"
"2297","MONOXIDE"
"2298","PRICES"
"2299","HURDLE"
"2300","BOUNTY"
"2301","PEBBLES"
"2302","CAMPBELL"
"2303","INSTRUCT"
"2304","NEGLECT"
"2305","BILLBOARD"
"2306","BOTHERSOME"
"2307","STRUCK"
"2308","CURVED"
"2309","PERSEVERANCE"
"2310","TYRANNOSAURUS"
"2311","DRINKING"
"2312","UNFOLD"
"2313","PIONEER"
"2314","CLASSES"
"2315","DRINKS"
"2316","CONFIDENCE"
"2317","LARGER"
"2318","FIREMAN"
"2319","STAPLER"
"2320","ADORABLE"
"2321","TAVERN"
"2322","IMAGINARY"
"2323","COMPETENCE"
"2324","SLAYER"
"2325","GUARDIAN"
"2326","APARTHEID"
"2327","PATRIOT"
"2328","STREETS"
"2329","CLEANING"
"2330","OVERPOWER"
"2331","FORMING"
"2332","RENAISSANCE"
"2333","REQUIRE"
"2334","WORKERS"
"2335","REFLECT"
"2336","IRRESPONSIBLE"
"2337","NURSERY"
"2338","SUBURB"
"2339","SIBLING"
"2340","NONSMOKING"
"2341","ESCARGOT"
"2342","OPAQUE"
"2343","FINANCIAL"
"2344","INQUIRE"
"2345","DECOMPOSE"
"2346","CIRCUMFERENCE"
"2347","MIDGETS"
"2348","EQUATION"
"2349","MIGRAINE"
"2350","PATROL"
"2351","DECLINE"
"2352","OUTPUT"
"2353","CONTEMPORARY"
"2354","OVERWHELM"
"2355","UNRELIABLE"
"2356","ANNOUNCE"
"2357","EMOTIONAL"
"2358","SLITHER"
"2359","SQUIRT"
"2360","STEWARD"
"2361","GLANDS"
"2362","FORBIDDEN"
"2363","VOODOO"
"2364","PRACTICE"
"2365","CAFETERIA"
"2366","DISMISS"
"2367","OBTUSE"
"2368","PATHETIC"
"2369","TACKLE"
"2370","COOKOUT"
"2371","CONTRACTOR"
"2372","HEREDITY"
"2373","PISTOL"
"2374","TITANIC"
"2375","STEREOTYPE"
"2376","MOISTEN"
"2377","VACANCY"
"2378","SNOOPY"
"2379","PLUNGER"
"2380","SEVENTIES"
"2381","DIVIDEND"
"2382","UMPIRE"
"2383","MOSCOW"
"2384","EPIDERMIS"
"2385","GRATITUDE"
"2386","COMPASSION"
"2387","BREEZEWAY"
"2388","ANTEATER"
"2389","ASTONISH"
"2390","SLEEPING"
"2391","SCHOLARSHIP"
"2392","BILLION"
"2393","BUSYBODY"
"2394","QUAKER"
"2395","HEATER"
"2396","LATELY"
"2397","CONGRESSMAN"
"2398","SHAKESPEARE"
"2399","APATHETIC"
"2400","COMPUTE"
"2401","BARBIE"
"2402","SINKER"
"2403","WADDLE"
"2404","LIKELIHOOD"
"2405","UNBALANCED"
"2406","SWEETHEART"
"2407","GREATEST"
"2408","LIFESTYLE"
"2409","CELEBRITY"
"2410","SUBSTANCE"
"2411","CRITICAL"
"2412","COWGIRL"
"2413","UPRIGHT"
"2414","IMPLODE"
"2415","INDUSTRY"
"2416","CONSCIENCE"
"2417","HEROINE"
"2418","AQUARIUS"
"2419","EMBRACE"
"2420","BULLETIN"
"2421","HESITATE"
"2422","PREFER"
"2423","CHATTER"
"2424","SIDING"
"2425","BELFRY"
"2426","BUMBLE"
"2427","CHEDDAR"
"2428","ORGANIZATION"
"2429","EATING"
"2430","LETHAL"
"2431","POLICEMAN"
"2432","PATRIOTIC"
"2433","UNSTABLE"
"2434","BEETLE"
"2435","CAREFREE"
"2436","HAIRCUT"
"2437","PRODUCTIVE"
"2438","MANUSCRIPT"
"2439","INFINITE"
"2440","RETINA"
"2441","BEAKER"
"2442","RUNAWAY"
"2443","ANCESTOR"
"2444","OCCASION"
"2445","SOLDIERS"
"2446","PARADE"
"2447","HIGHLIGHTER"
"2448","UNNATURAL"
"2449","CHARMING"
"2450","STAIRWELL"
"2451","STAIRCASE"
"2452","MONUMENT"
"2453","QUESTIONNAIRE"
"2454","UPTIGHT"
"2455","CONDITIONS"
"2456","TOASTY"
"2457","LAWFUL"
"2458","BARBELLS"
"2459","TERRACE"
"2460","ANIMATION"
"2461","EXTENSION"
"2462","INTERESTED"
"2463","INVESTIGATOR"
"2464","CERTIFICATE"
"2465","ABANDON"
"2466","UNLIKE"
"2467","BOUQUET"
"2468","CAPONE"
"2469","PROJECTS"
"2470","SHARING"
"2471","TOWARD"
"2472","PULLEY"
"2473","MAILMAN"
"2474","SENTIMENTAL"
"2475","REMORSE"
"2476","FLAWLESS"
"2477","UNPLEASANT"
"2478","RESUSCITATE"
"2479","SPEAKING"
"2480","FLOATER"
"2481","SOFTENER"
"2482","GODDESS"
"2483","APPLAUSE"
"2484","SALAMI"
"2485","ASYLUM"
"2486","PICTURES"
"2487","NEIGHBORS"
"2488","BOLOGNA"
"2489","SUPERWOMAN"
"2490","PLASMA"
"2491","ORTHODONTIST"
"2492","TANGERINE"
"2493","ELDERS"
"2494","ROTATE"
"2495","VILLAGE"
"2496","CABOOSE"
"2497","FIDDLE"
"2498","BALLOT"
"2499","BISHOP"
"2500","TRANSPARENT"
"2501","FLIPPER"
"2502","HEAVIER"
"2503","UNIFORM"
"2504","REFINISH"
"2505","REGULATION"
"2506","INTESTINE"
"2507","IDEALS"
"2508","SPRAIN"
"2509","REQUIREMENT"
"2510","SECRETIVE"
"2511","SOPHISTICATED"
"2512","SLAVERY"
"2513","ADDRESS"
"2514","SELDOM"
"2515","HARBOR"
"2516","BIGOTRY"
"2517","FANATIC"
"2518","HOROSCOPE"
"2519","BURDEN"
"2520","EXTORTION"
"2521","POTATOES"
"2522","CURTSEY"
"2523","SOCIALIST"
"2524","KEYBOARD"
"2525","RUMBLES"
"2526","THRILLING"
"2527","ANALYSIS"
"2528","CINDERELLA"
"2529","PSYCHIC"
"2530","SURRENDER"
"2531","ORCHARD"
"2532","INCIDENT"
"2533","UNSEEN"
"2534","UNIMPORTANT"
"2535","SEGREGATE"
"2536","AMUSING"
"2537","WRANGLER"
"2538","ARITHMETIC"
"2539","ADJOURN"
"2540","CLIMAX"
"2541","MENSTRUATION"
"2542","FAMOUS"
"2543","STIMULUS"
"2544","PREPARED"
"2545","RELATION"
"2546","CHRISTOPHER"
"2547","PAVLOV"
"2548","RESTING"
"2549","STUDIES"
"2550","SYMBOL"
"2551","AIRLINE"
"2552","TACTFUL"
"2553","ADMISSION"
"2554","SHOOTING"
"2555","CONFEDERACY"
"2556","AVAILABLE"
"2557","VIETNAM"
"2558","STROLL"
"2559","UNTAMED"
"2560","INACTIVE"
"2561","IMPATIENT"
"2562","DISLOYAL"
"2563","TRICYCLE"
"2564","STEEPLE"
"2565","DASHBOARD"
"2566","PROFANITY"
"2567","DARKNESS"
"2568","ALMIGHTY"
"2569","REFUGE"
"2570","INTEGRITY"
"2571","DEFLATION"
"2572","CONSUME"
"2573","STRANDED"
"2574","DANISH"
"2575","SHELLS"
"2576","BOILED"
"2577","CASHEWS"
"2578","EXAMINATION"
"2579","FUNCTION"
"2580","TRESPASS"
"2581","CHARLES"
"2582","FREQUENCY"
"2583","SUNLIGHT"
"2584","CHERISH"
"2585","VENGEANCE"
"2586","EXTREME"
"2587","PSYCHIATRIST"
"2588","CLASSY"
"2589","LENIENT"
"2590","DIFFERENCE"
"2591","INGROWN"
"2592","INFERNO"
"2593","BARTER"
"2594","CLUELESS"
"2595","UNPACK"
"2596","DANDELION"
"2597","ACCOMPANY"
"2598","VENETIAN"
"2599","CHARRED"
"2600","HIKING"
"2601","CHAIRPERSON"
"2602","CLOCKWISE"
"2603","PERSISTENCE"
"2604","INTEGRATE"
"2605","REGARD"
"2606","DOUGHNUTS"
"2607","WAFFLE"
"2608","RAGING"
"2609","BLINDFOLD"
"2610","AGGRAVATING"
"2611","WIGGLY"
"2612","REFRESHING"
"2613","HOUSES"
"2614","VASELINE"
"2615","TRIBUNE"
"2616","INMATE"
"2617","CONSTITUTION"
"2618","PRIVILEGES"
"2619","GLOSSY"
"2620","SURVIVE"
"2621","COMMANDMENTS"
"2622","MADONNA"
"2623","MISTREAT"
"2624","CENSOR"
"2625","ACCEPTED"
"2626","CAVERN"
"2627","SHOPPER"
"2628","BOREDOM"
"2629","FLAMBOYANT"
"2630","MOTIVE"
"2631","IMPERFECT"
"2632","CURFEW"
"2633","ZUCCHINI"
"2634","SKILLFUL"
"2635","LOPSIDED"
"2636","FEBRUARY"
"2637","PRECIOUS"
"2638","UNWILLING"
"2639","ANNUAL"
"2640","ESTIMATE"
"2641","BECAME"
"2642","SHATTER"
"2643","DISCOURAGE"
"2644","RESCUE"
"2645","TONSIL"
"2646","CLEAVER"
"2647","COLESLAW"
"2648","CRUCIAL"
"2649","CONCLUDE"
"2650","PORPOISE"
"2651","ANTIMATTER"
"2652","FUGITIVE"
"2653","KERNEL"
"2654","GOGGLES"
"2655","CAVITY"
"2656","INABILITY"
"2657","WICKER"
"2658","BUSINESSMAN"
"2659","ATTACHE"
"2660","CHOWDER"
"2661","PASTURE"
"2662","CRITERIA"
"2663","VOLUNTEER"
"2664","PIERCED"
"2665","EXTERNAL"
"2666","APPLICATION"
"2667","RUFFLE"
"2668","ARCHES"
"2669","PISCES"
"2670","AWARENESS"
"2671","SPATULA"
"2672","WIGGLE"
"2673","RECOGNITION"
"2674","ACCUMULATE"
"2675","UNDERCOVER"
"2676","CHALKBOARD"
"2677","SPOTLESS"
"2678","DISINFECTANT"
"2679","SANDERS"
"2680","LOCKER"
"2681","GRUMBLE"
"2682","STABLE"
"2683","CHEATER"
"2684","LUNATIC"
"2685","DEVELOP"
"2686","OFFEND"
"2687","ANTIPERSPIRANT"
"2688","DISSUADE"
"2689","DISGUST"
"2690","PARKWAY"
"2691","PARTICLES"
"2692","COMPONENTS"
"2693","MANUFACTURER"
"2694","MOVABLE"
"2695","RAISER"
"2696","HILARIOUS"
"2697","WHOLESOME"
"2698","CAMPUS"
"2699","APPETITE"
"2700","SNOOTY"
"2701","WRISTBAND"
"2702","SWEATBAND"
"2703","TOWERS"
"2704","CLINIC"
"2705","OPTICAL"
"2706","COLLISION"
"2707","WAITING"
"2708","PRIORITY"
"2709","SIGNIFICANT"
"2710","BIGGER"
"2711","REPLAY"
"2712","INSTINCT"
"2713","PATENT"
"2714","INVENTED"
"2715","VOYAGE"
"2716","MANATEE"
"2717","WRESTLING"
"2718","ACQUAINTANCE"
"2719","MADNESS"
"2720","MAGNIFY"
"2721","AFTERNOON"
"2722","INTERNATIONAL"
"2723","UNNECESSARY"
"2724","SPIRAL"
"2725","WALNUT"
"2726","INFATUATION"
"2727","DISORDERLY"
"2728","CLOWNS"
"2729","GUARDIANS"
"2730","STATISTIC"
"2731","COERCE"
"2732","BLUEPRINT"
"2733","ANTIDOTE"
"2734","UNPOPULAR"
"2735","EXORCIST"
"2736","RETRACTOR"
"2737","CANADA"
"2738","TAPIOCA"
"2739","EXTEND"
"2740","SANDPAPER"
"2741","STUBBLE"
"2742","GALLERY"
"2743","ATTENDANT"
"2744","SYNOPSIS"
"2745","SCALPEL"
"2746","USUALLY"
"2747","POSTULATE"
"2748","PSYCHOTHERAPY"
"2749","PARCHED"
"2750","TREASON"
"2751","RECTANGLE"
"2752","PENGUIN"
"2753","UTILIZE"
"2754","EXPERIENCE"
"2755","STRANGER"
"2756","TESTIFY"
"2757","PHRASES"
"2758","RESTLESS"
"2759","SHOULDERS"
"2760","CRACKERS"
"2761","CASHIER"
"2762","DEDICATE"
"2763","UPDATE"
"2764","DIAPERS"
"2765","PHYSICIAN"
"2766","PUBLISHER"
"2767","SUCKED"
"2768","PSYCHOLOGIST"
"2769","RUSHED"
"2770","HINDRANCE"
"2771","GRAVITY"
"2772","ANKLES"
"2773","JOINTS"
"2774","THERAPIST"
"2775","WATCHED"
"2776","FAMILIAR"
"2777","OREGANO"
"2778","PHARMACY"
"2779","DENOMINATOR"
"2780","EMPEROR"
"2781","NUMERAL"
"2782","CLICHE"
"2783","SLUSHY"
"2784","REEBOK"
"2785","ENCOMPASSING"
"2786","ADJACENT"
"2787","LEARNING"
"2788","QUEASY"
"2789","SPELLING"
"2790","ATTENDANCE"
"2791","PROGRESSIVE"
"2792","ORIENT"
"2793","PRESUME"
"2794","FLASHLIGHT"
"2795","OPERATED"
"2796","MILKSHAKE"
"2797","COMICS"
"2798","ADVERTISE"
"2799","CONTEMPLATE"
"2800","DESTROYER"
"2801","POSTPONE"
"2802","PREHISTORIC"
"2803","FRISBEE"
"2804","DISPENSE"
"2805","DALLAS"
"2806","TUITION"
"2807","HURRIED"
"2808","FAREWELL"
"2809","BLADES"
"2810","DETAILS"
"2811","ACROBAT"
"2812","MONARCH"
"2813","OVERDRIVE"
"2814","DREAMS"
"2815","BOARDWALK"
"2816","ETHICS"
"2817","JACKASS"
"2818","OODLES"
"2819","ARISTOTLE"
"2820","SLEIGH"
"2821","SPRINT"
"2822","RETAIN"
"2823","INFREQUENT"
"2824","SNITCH"
"2825","SCROOGE"
"2826","TASTEFUL"
"2827","LIGHTHOUSE"
"2828","INSECURE"
"2829","ISLANDS"
"2830","AIMLESS"
"2831","MEANDER"
"2832","PROSECUTE"
"2833","DECEIT"
"2834","DAISIES"
"2835","UNFRIENDLY"
"2836","CASINO"
"2837","MERCHANDISE"
"2838","SMOOCH"
"2839","STARBOARD"
"2840","UMBRELLA"
"2841","VERTEBRAE"
"2842","COLLECTOR"
"2843","ANONYMOUS"
"2844","PRICELESS"
"2845","FAMISHED"
"2846","KINETIC"
"2847","RETARDED"
"2848","EQUILIBRIUM"
"2849","FUNDAMENTAL"
"2850","JOHNNY"
"2851","CRUTCH"
"2852","CRISSCROSS"
"2853","DISHONOR"
"2854","FAMINE"
"2855","SWATTER"
"2856","CASPER"
"2857","CREATURE"
"2858","VULNERABLE"
"2859","UNITED"
"2860","PHOTOGRAPH"
"2861","INFLATION"
"2862","ESTATE"
"2863","SATANIC"
"2864","TOUCHDOWN"
"2865","ADMIRER"
"2866","CIRCUMSTANCE"
"2867","SNICKERS"
"2868","FRONTIER"
"2869","EXCEPTIONAL"
"2870","PAPERCLIP"
"2871","STRAIN"
"2872","REBELLIOUS"
"2873","DISSERTATION"
"2874","ANTITHESIS"
"2875","SETTER"
"2876","FEEBLE"
"2877","CHECKING"
"2878","PRINCIPAL"
"2879","RADISH"
"2880","OCCUPIED"
"2881","DISCOMFORT"
"2882","IMPORTANCE"
"2883","SHUFFLE"
"2884","THRESHOLD"
"2885","BUOYANT"
"2886","GRAHAM"
"2887","SHRUNK"
"2888","ASHAMED"
"2889","IMPAIRED"
"2890","GODLINESS"
"2891","HEADED"
"2892","IDENTITY"
"2893","BOTTOMLESS"
"2894","OPTIMISTIC"
"2895","UNLEADED"
"2896","YUPPIE"
"2897","UNATTRACTIVE"
"2898","HEROIN"
"2899","FARMERS"
"2900","LICORICE"
"2901","WHISKERS"
"2902","MISTRUST"
"2903","ANKLET"
"2904","ACCELERATE"
"2905","SNIFTER"
"2906","MINIVAN"
"2907","TWENTIETH"
"2908","INGREDIENTS"
"2909","SOFTWARE"
"2910","DISMAY"
"2911","SUBCONSCIOUS"
"2912","CONSISTENT"
"2913","NEGOTIATION"
"2914","PROTECTED"
"2915","UNCOVERED"
"2916","LOONEY"
"2917","DILEMMA"
"2918","CRITIQUE"
"2919","SCARECROW"
"2920","TWISTER"
"2921","PROCESSOR"
"2922","UPGRADE"
"2923","DEMEAN"
"2924","DOCTORAL"
"2925","CONTRAPTION"
"2926","STROKES"
"2927","REDUCE"
"2928","DEPLETE"
"2929","SPIGOT"
"2930","PLIABLE"
"2931","PROCESSION"
"2932","ANTELOPE"
"2933","ICEBERG"
"2934","GRANDCHILD"
"2935","MYTHOLOGY"
"2936","SESSION"
"2937","HINDER"
"2938","RESTRAINT"
"2939","PITCHFORK"
"2940","FRANTIC"
"2941","LENGTHS"
"2942","CLIFFS"
"2943","CONCEAL"
"2944","CUPCAKE"
"2945","DELUSION"
"2946","TRIVIAL"
"2947","INCORPORATE"
"2948","BRIGHTNESS"
"2949","CURIOSITY"
"2950","INTRIGUING"
"2951","DIGESTION"
"2952","EXPERIMENTER"
"2953","TARZAN"
"2954","PALACE"
"2955","CABOODLE"
"2956","BALCONY"
"2957","QUARREL"
"2958","PRODUCED"
"2959","PLAYBOY"
"2960","ASSOCIATE"
"2961","CRATER"
"2962","LADIES"
"2963","ASSIGNMENT"
"2964","SEPTEMBER"
"2965","ARTIFACTS"
"2966","NEIGHBOR"
"2967","SWITZERLAND"
"2968","NOSTRIL"
"2969","CONVENT"
"2970","GRAPEFRUIT"
"2971","EXTRAORDINARY"
"2972","ABUNDANT"
"2973","NYLONS"
"2974","PRIMAVERA"
"2975","SPOONS"
"2976","JOKING"
"2977","CROWDED"
"2978","SERMON"
"2979","OVERHEAD"
"2980","ELIMINATION"
"2981","MARGIN"
"2982","INVASION"
"2983","BROKER"
"2984","REORGANIZE"
"2985","ABANDONMENT"
"2986","RESPOND"
"2987","DOMINICAN"
"2988","RESERVATION"
"2989","AVENGE"
"2990","EVOLUTION"
"2991","ABSURD"
"2992","TROJAN"
"2993","COMMISSION"
"2994","RETAIL"
"2995","POPULATION"
"2996","NOTATION"
"2997","MEANINGFUL"
"2998","RESORT"
"2999","ANOREXIA"
"3000","HARLEM"
"3001","THRIFT"
"3002","PLATFORM"
"3003","OVATION"
"3004","SHELVES"
"3005","PARAPHRASE"
"3006","INJECTION"
"3007","INDIANS"
"3008","SEMESTERS"
"3009","GIVING"
"3010","GRATEFUL"
"3011","PYTHAGOREAN"
"3012","FATIGUE"
"3013","MOBILE"
"3014","HOOKER"
"3015","BERMUDA"
"3016","CANTER"
"3017","MONKEYS"
"3018","THRICE"
"3019","MYSTICAL"
"3020","VICTORIA"
"3021","RUNWAY"
"3022","BILLFOLD"
"3023","MEASURES"
"3024","BAMBOO"
"3025","WIDOWER"
"3026","LACKING"
"3027","WORTHWHILE"
"3028","SHAPELY"
"3029","KINDERGARTEN"
"3030","GAZELLE"
"3031","UNCARING"
"3032","EVALUATE"
"3033","COBWEB"
"3034","PARTICIPATION"
"3035","HATCHET"
"3036","SYNAPSE"
"3037","SOUTHERN"
"3038","TWISTED"
"3039","MEASLES"
"3040","DIAGRAM"
"3041","LOOKING"
"3042","PASSWORD"
"3043","COUNCIL"
"3044","RECONSIDER"
"3045","DECLARATION"
"3046","FURNISH"
"3047","BEAUTIFY"
"3048","STRAIGHTFORWARD"
"3049","UNDRESSING"
"3050","MALLARD"
"3051","APPOINT"
"3052","ELECTROCUTE"
"3053","TERMINATE"
"3054","ECSTATIC"
"3055","BLISTER"
"3056","BELIEVER"
"3057","PITUITARY"
"3058","MITTENS"
"3059","HORMONE"
"3060","BARBER"
"3061","GRADUATE"
"3062","SPOTLIGHT"
"3063","UNDERLINE"
"3064","TEENAGERS"
"3065","TESTOSTERONE"
"3066","ESTROGEN"
"3067","HYPNOTIST"
"3068","UNEDUCATED"
"3069","BLOTTER"
"3070","DECORATOR"
"3071","EDISON"
"3072","GELATIN"
"3073","ATTEND"
"3074","METRIC"
"3075","POSTMAN"
"3076","ENGAGE"
"3077","CAPACITY"
"3078","MACARONI"
"3079","MEMBRANE"
"3080","INCREDIBLE"
"3081","BALONEY"
"3082","TARTAR"
"3083","CARBOHYDRATES"
"3084","COOLANT"
"3085","PROMOTION"
"3086","RESUME"
"3087","MINIMIZE"
"3088","DEPRESS"
"3089","QUICKLY"
"3090","ANDROID"
"3091","OXIDATION"
"3092","GIRAFFE"
"3093","TELLING"
"3094","INTELLECTUAL"
"3095","SLOBBER"
"3096","ESPIONAGE"
"3097","RECOMMEND"
"3098","SORROWFUL"
"3099","UNFREEZE"
"3100","LARYNX"
"3101","IRRITABLE"
"3102","MISUNDERSTANDING"
"3103","AIRLINES"
"3104","RELOAD"
"3105","REGURGITATE"
"3106","SOMEONE"
"3107","PRINTING"
"3108","TRAPEZE"
"3109","UNDERGROUND"
"3110","GENERIC"
"3111","RESPIRATION"
"3112","COLLECTED"
"3113","AUDIENCE"
"3114","BIOLOGIST"
"3115","SALESPERSON"
"3116","REFUTE"
"3117","DISRUPT"
"3118","INVESTIGATE"
"3119","TEAPOT"
"3120","REGION"
"3121","BUNCHES"
"3122","NIGHTIE"
"3123","STEWARDESS"
"3124","SHRIVEL"
"3125","HARDLY"
"3126","SOCIOLOGY"
"3127","BLUEJAY"
"3128","DISCRETE"
"3129","KRYPTONITE"
"3130","SHEATH"
"3131","COSINE"
"3132","CARTON"
"3133","TYRANT"
"3134","EVAPORATE"
"3135","DRAINAGE"
"3136","DOMESTIC"
"3137","OCCUPATION"
"3138","CHAPPED"
"3139","MOONLIGHT"
"3140","GREATER"
"3141","CLIMBER"
"3142","MOLEHILL"
"3143","CITRUS"
"3144","FLAPJACKS"
"3145","VIKING"
"3146","DENIAL"
"3147","REBORN"
"3148","PRIVACY"
"3149","CANARY"
"3150","BOUILLON"
"3151","LOVERS"
"3152","PISTON"
"3153","HAZARD"
"3154","DAYBREAK"
"3155","TRYING"
"3156","SPHINX"
"3157","COLLAPSE"
"3158","AGRICULTURE"
"3159","BANQUET"
"3160","VALUABLES"
"3161","HOLSTER"
"3162","TIRESOME"
"3163","SCURRY"
"3164","COTTAGE"
"3165","RIDDLE"
"3166","PUDDLE"
"3167","HAYSTACK"
"3168","ATLANTIC"
"3169","LEOPARD"
"3170","CHECKERED"
"3171","RECREATION"
"3172","EARNINGS"
"3173","SINNER"
"3174","SPRITZ"
"3175","FOREHEAD"
"3176","MYSTERIOUS"
"3177","DECELERATE"
"3178","COLLEAGUE"
"3179","DISASSOCIATE"
"3180","COORDINATION"
"3181","FILLING"
"3182","FIGURINE"
"3183","ORGANIC"
"3184","COMPLICATED"
"3185","PUPILS"
"3186","LASHES"
"3187","PISSED"
"3188","UNMARRIED"
"3189","UNSOLVED"
"3190","NEURONS"
"3191","UNPROFESSIONAL"
"3192","GENUINE"
"3193","PRECAUTION"
"3194","SNEAKERS"
"3195","TALKATIVE"
"3196","TROUSERS"
"3197","POSTAGE"
"3198","LEVELS"
"3199","EXPECTATIONS"
"3200","DOCILE"
"3201","MINISCULE"
"3202","BABIES"
"3203","CHOICES"
"3204","EXPANSE"
"3205","INTERPRET"
"3206","INDIFFERENCE"
"3207","EMPLOYMENT"
"3208","MUSEUM"
"3209","TARNISH"
"3210","EXECUTIVE"
"3211","ENTERPRISE"
"3212","VICTOR"
"3213","IMBALANCE"
"3214","WARMTH"
"3215","SPLICE"
"3216","SEMICOLON"
"3217","DESTRUCT"
"3218","BURNING"
"3219","CUDDLY"
"3220","HUNTING"
"3221","MECHANISM"
"3222","KARATE"
"3223","CLARIFY"
"3224","ANNIHILATE"
"3225","CRUMBLE"
"3226","TREMBLE"
"3227","LOVELY"
"3228","APPRAISE"
"3229","EXHILARATING"
"3230","FELLOWSHIP"
"3231","SPARSE"
"3232","OVERFLOW"
"3233","COARSE"
"3234","FROLIC"
"3235","PIGSKIN"
"3236","RESTRICTION"
"3237","OVERALL"
"3238","MOUSSE"
"3239","OCTOBER"
"3240","RIGHTEOUSNESS"
"3241","TEQUILA"
"3242","VANITY"
"3243","SLEAZY"
"3244","STEROIDS"
"3245","PHANTOM"
"3246","DISORGANIZED"
"3247","SMARTER"
"3248","EXCESS"
"3249","PROPRIETOR"
"3250","NITROGEN"
"3251","PARCEL"
"3252","SUMMIT"
"3253","SHARPENER"
"3254","CAPSULE"
"3255","TABLET"
"3256","SCOTTISH"
"3257","COURTEOUS"
"3258","IGNORANCE"
"3259","DISCRIMINATE"
"3260","EXISTENCE"
"3261","INTENT"
"3262","DISPUTE"
"3263","POSSUM"
"3264","VIOLATION"
"3265","DISOWN"
"3266","SUPPRESS"
"3267","SICKENING"
"3268","REPELLANT"
"3269","DISCOUNT"
"3270","DEVIOUS"
"3271","CONNIVE"
"3272","LEFTOVERS"
"3273","WALRUS"
"3274","SHADOW"
"3275","TRAUMA"
"3276","WOUNDED"
"3277","FINGERPRINT"
"3278","PAINFUL"
"3279","ENDURANCE"
"3280","DIPLOMACY"
"3281","RELATIVITY"
"3282","TOADSTOOL"
"3283","PLAYTHING"
"3284","PROSTITUTE"
"3285","ABROAD"
"3286","PREMISES"
"3287","VOLTAGE"
"3288","BIZARRE"
"3289","BARBED"
"3290","TESTIMONY"
"3291","DEFENDANT"
"3292","SURROUND"
"3293","UNWRAP"
"3294","UNINTENTIONAL"
"3295","HOOKED"
"3296","RETREAT"
"3297","MIDDAY"
"3298","ROOKIE"
"3299","DISHWASHER"
"3300","CANVAS"
"3301","POUNCE"
"3302","OVERLOOK"
"3303","FRANKS"
"3304","REFRIED"
"3305","THEREFORE"
"3306","DISAPPOINT"
"3307","GENDER"
"3308","EXTORT"
"3309","SCAPEGOAT"
"3310","UNINTERESTING"
"3311","UNBREAKABLE"
"3312","CRACKED"
"3313","CHIPPED"
"3314","BABBLING"
"3315","CONSTRUCTOR"
"3316","HASSLE"
"3317","FROSTING"
"3318","HALLMARK"
"3319","CENTIPEDE"
"3320","DOUBTFUL"
"3321","THRIFTY"
"3322","NUGGETS"
"3323","PEPPERS"
"3324","PRETZELS"
"3325","WARDROBE"
"3326","DISSATISFACTION"
"3327","CONFUSING"
"3328","FACTORS"
"3329","ABSTRACT"
"3330","BAFFLE"
"3331","PERPLEX"
"3332","BINDING"
"3333","PHLEGM"
"3334","CRUMBS"
"3335","PSYCHO"
"3336","INGENIOUS"
"3337","RIDICULE"
"3338","CONNIVING"
"3339","SATISFACTION"
"3340","HOOVER"
"3341","SCRUMPTIOUS"
"3342","ACROSS"
"3343","LEXICON"
"3344","INGEST"
"3345","BELITTLE"
"3346","PREVENT"
"3347","AMAZEMENT"
"3348","REVEAL"
"3349","INCOGNITO"
"3350","UNTRUTHFUL"
"3351","UNORGANIZED"
"3352","SOLVENT"
"3353","DILUTE"
"3354","OVERBEARING"
"3355","DODGER"
"3356","DEADLINE"
"3357","FINANCE"
"3358","ENTHUSIASTIC"
"3359","SUPERB"
"3360","EXCLAMATION"
"3361","DECORATIVE"
"3362","SOCIALISM"
"3363","UNFINISHED"
"3364","HEARTH"
"3365","THROWER"
"3366","BINDER"
"3367","GERMANY"
"3368","UNWIND"
"3369","COVERED"
"3370","SEXUAL"
"3371","PARLOR"
"3372","LONGER"
"3373","STERILE"
"3374","AUTHENTIC"
"3375","ENDOCRINE"
"3376","HOPPER"
"3377","REASONS"
"3378","STURDY"
"3379","ROBUST"
"3380","HIPPIE"
"3381","BANDANNA"
"3382","BARRETTE"
"3383","EMPHASIZE"
"3384","ACCENTUATE"
"3385","ACTIVITY"
"3386","DISHONESTY"
"3387","SNAGGED"
"3388","UNICORN"
"3389","MILLION"
"3390","STOCKY"
"3391","SPASTIC"
"3392","GLACIER"
"3393","SAVANT"
"3394","FRUSTRATED"
"3395","BURNER"
"3396","ABBREVIATED"
"3397","SYRINGE"
"3398","COVERAGE"
"3399","DIGEST"
"3400","FASCINATING"
"3401","ACQUAINT"
"3402","EXPIRED"
"3403","DUNGAREES"
"3404","CHEROKEE"
"3405","PRANKSTER"
"3406","MOONSHINE"
"3407","HEARTED"
"3408","ASSEMBLE"
"3409","LIGHTS"
"3410","OBEDIENT"
"3411","HAMMOCK"
"3412","UNLIKELY"
"3413","IGUANA"
"3414","RESIDENCE"
"3415","MISPLACE"
"3416","DEDICATION"
"3417","BOUGHT"
"3418","MARRIED"
"3419","JOSEPH"
"3420","CONDIMENT"
"3421","DEFINE"
"3422","MEDIOCRE"
"3423","MEAGER"
"3424","DESERVE"
"3425","METEORITE"
"3426","ALIENS"
"3427","ORGANISM"
"3428","AMOEBA"
"3429","LOWEST"
"3430","SEPARATED"
"3431","COMBINED"
"3432","BLENDED"
"3433","CONCOCTION"
"3434","PENICILLIN"
"3435","FRECKLE"
"3436","DECEMBER"
"3437","SMELLY"
"3438","MOTHBALLS"
"3439","PESTER"
"3440","NECESSITY"
"3441","PESSIMISM"
"3442","INTERNET"
"3443","NEUTRAL"
"3444","RESOLUTION"
"3445","DIGITS"
"3446","COMPULSIVE"
"3447","FILLED"
"3448","ADVERSARY"
"3449","CONTRARY"
"3450","INCOMING"
"3451","SOCIABLE"
"3452","HIGHLIGHT"
"3453","SKILLET"
"3454","TIGHTS"
"3455","LASAGNA"
"3456","LINGUINI"
"3457","PINCHER"
"3458","TEMPORARY"
"3459","ATTRACTION"
"3460","HITTER"
"3461","BUCCANEER"
"3462","DECIDING"
"3463","CARPENTER"
"3464","SIXTIES"
"3465","FEASIBLE"
"3466","REVERENT"
"3467","MEDICATION"
"3468","DEMONSTRATION"
"3469","COOKER"
"3470","ANTIQUE"
"3471","TYPING"
"3472","SPECTRUM"
"3473","ATTIRE"
"3474","DEMONSTRATE"
"3475","CLAUSE"
"3476","HAWAIIAN"
"3477","CROSSWORD"
"3478","TURNIP"
"3479","RAGTIME"
"3480","BLOODY"
"3481","VISIBLE"
"3482","ATHEIST"
"3483","REDUNDANT"
"3484","INTERCOURSE"
"3485","REPLICATE"
"3486","LUDICROUS"
"3487","CAESAR"
"3488","CARNATION"
"3489","SOVIET"
"3490","PARSLEY"
"3491","SURVEY"
"3492","CHASTISE"
"3493","LITTER"
"3494","BRANDY"
"3495","VARIETY"
"3496","UNTIED"
"3497","SHORTEN"
"3498","ANEMIA"
"3499","TRICKY"
"3500","LATHER"
"3501","CARBONATION"
"3502","CHARLIE"
"3503","MISSPELL"
"3504","ABSORB"
"3505","ILLUSTRATED"
"3506","CHIPMUNK"
"3507","AUTOMATIC"
"3508","HEARING"
"3509","CONDITIONED"
"3510","INVENTORY"
"3511","BEDTIME"
"3512","WINNING"
"3513","HONEYMOON"
"3514","ENCLOSED"
"3515","FITTEST"
"3516","FRIGHTEN"
"3517","STAGGER"
"3518","HERBAL"
"3519","BINOCULARS"
"3520","BREAKER"
"3521","DEFINITIONS"
"3522","PILGRIMS"
"3523","GRAVEYARD"
"3524","DEFICIT"
"3525","CAMPER"
"3526","DEVILS"
"3527","BENIGN"
"3528","STUFFING"
"3529","UNRAVEL"
"3530","INTERTWINE"
"3531","IGNORANT"
"3532","UNNOTICED"
"3533","UNDECLARED"
"3534","DIGITAL"
"3535","SUBMERGE"
"3536","UNTOUCHED"
"3537","REVISE"
"3538","MISUSE"
"3539","DISUSE"
"3540","TOURIST"
"3541","NUTRITION"
"3542","TENNESSEE"
"3543","HOURLY"
"3544","INVITED"
"3545","HOSPITALITY"
"3546","RATTAN"
"3547","WOBBLE"
"3548","WAGGLE"
"3549","MEANINGLESS"
"3550","SCARCITY"
"3551","CLUTTER"
"3552","CLASSIFIED"
"3553","HERITAGE"
"3554","DESCENDENT"
"3555","WHATEVER"
"3556","ANYWHERE"
"3557","ACCEPTANCE"
"3558","POMPOUS"
"3559","SUPPOSE"
"3560","COSMONAUT"
"3561","STUNNED"
"3562","DUMBFOUNDED"
"3563","FRESHMEN"
"3564","PARROTS"
"3565","ARCHITECTURE"
"3566","FONDLE"
"3567","PURSUE"
"3568","EVENTS"
"3569","UNCLOG"
"3570","SARCASTIC"
"3571","PROTRACTOR"
"3572","KNOWING"
"3573","PURCHASER"
"3574","CONNECTIONS"
"3575","STEAMED"
"3576","CHAMPAGNE"
"3577","ADMIRAL"
"3578","ROWING"
"3579","STARCH"
"3580","GRANOLA"
"3581","EXOTIC"
"3582","PERFORMER"
"3583","PRANCER"
"3584","EXPOSURE"
"3585","REQUEST"
"3586","SHORTAGE"
"3587","DESCRIPTION"
"3588","SLEUTH"
"3589","BARNEY"
"3590","MANIAC"
"3591","SUPEREGO"
"3592","DYNASTY"
"3593","THRILLED"
"3594","THRILL"
"3595","ENJOYMENT"
"3596","UNFAITHFUL"
"3597","DUSTER"
"3598","GATORS"
"3599","TOWELS"
"3600","DISCIPLE"
"3601","TIMBER"
"3602","ARTIFACT"
"3603","CUISINE"
"3604","HORSES"
"3605","BROWNIE"
"3606","FINALLY"
"3607","COMMENCEMENT"
"3608","CHOPPER"
"3609","PROPELLER"
"3610","HURTFUL"
"3611","INTOLERANT"
"3612","INTIMIDATE"
"3613","PERCEPTION"
"3614","SURVIVAL"
"3615","BOOKLET"
"3616","DETERMINED"
"3617","ISRAEL"
"3618","JITTERY"
"3619","FEMININE"
"3620","MOLTEN"
"3621","ALLOWED"
"3622","LAKERS"
"3623","INTENSITY"
"3624","HIGHEST"
"3625","PERHAPS"
"3626","SOMETIME"
"3627","WORTHY"
"3628","PSYCHOLOGICAL"
"3629","PASTOR"
"3630","OLIGARCHY"
"3631","HANGOVER"
"3632","WOODWIND"
"3633","MATCHING"
"3634","IMPRESS"
"3635","OVERTAKE"
"3636","SUFFER"
"3637","TOLERATE"
"3638","FRACTION"
"3639","KALEIDOSCOPE"
"3640","STALKER"
"3641","EDITOR"
"3642","DOMINEERING"
"3643","DOMAIN"
"3644","STRESSED"
"3645","SUBSTITUTE"
"3646","PERSPIRATION"
"3647","DELAYED"
"3648","MARATHON"
"3649","JUMPING"
"3650","PRESENTS"
"3651","GERMAN"
"3652","CONGESTION"
"3653","CATCHY"
"3654","SINGING"
"3655","BALLAD"
"3656","BONNET"
"3657","TWINKLE"
"3658","STAIRWAY"
"3659","OUTSKIRTS"
"3660","MENTION"
"3661","SETTING"
"3662","DIAGNOSIS"
"3663","COCKROACH"
"3664","LOUISIANA"
"3665","SYNONYM"
"3666","HEREDITARY"
"3667","QUESTIONABLE"
"3668","SUPERSTITION"
"3669","SURFBOARD"
"3670","WINDSHIELD"
