"","Word","n"
"1","aardvark",1
"2","abandon",1
"3","abandonment",1
"4","abbreviated",1
"5","abduct",1
"6","ability",10
"7","abnormal",5
"8","abroad",1
"9","absence",2
"10","absent",3
"11","absorb",1
"12","abstract",1
"13","absurd",1
"14","abundance",3
"15","abundant",1
"16","abused",1
"17","Academy",2
"18","accelerate",1
"19","accent",1
"20","accentuate",1
"21","accept",9
"22","acceptance",1
"23","accepted",1
"24","accident",21
"25","accompany",1
"26","accomplish",5
"27","accomplished",1
"28","account",6
"29","accumulate",1
"30","accurate",1
"31","accuse",1
"32","achieve",4
"33","achievement",3
"34","acknowledge",3
"35","acquaint",1
"36","acquaintance",1
"37","acquire",2
"38","acrobat",1
"39","acrobats",1
"40","across",1
"41","action",13
"42","active",3
"43","activity",1
"44","actress",2
"45","addict",2
"46","addicted",1
"47","addiction",3
"48","addition",3
"49","address",1
"50","adjacent",1
"51","adjective",4
"52","adjourn",1
"53","Admiral",1
"54","admire",6
"55","admirer",1
"56","admission",1
"57","adolescent",3
"58","adorable",1
"59","adultery",1
"60","adults",4
"61","advance",2
"62","advanced",2
"63","advantage",2
"64","adventure",5
"65","adventurous",1
"66","adverb",4
"67","adversary",1
"68","advertise",1
"69","advertisement",2
"70","advice",5
"71","advise",2
"72","aerobics",4
"73","aerosol",1
"74","affair",3
"75","affect",2
"76","affection",2
"77","afraid",11
"78","Africa",7
"79","afternoon",1
"80","against",8
"81","agenda",3
"82","aggravate",4
"83","aggravated",1
"84","aggravating",1
"85","aggressive",4
"86","agreement",7
"87","Agriculture",1
"88","aimless",1
"89","airline",1
"90","Airlines",1
"91","airplane",15
"92","airport",5
"93","Alaska",2
"94","Albert",2
"95","algebra",6
"96","aliens",1
"97","allegiance",1
"98","allergy",3
"99","alligator",3
"100","allowed",1
"101","Almighty",1
"102","almond",3
"103","alphabet",3
"104","Alright",1
"105","aluminum",5
"106","always",16
"107","amateur",5
"108","amazement",1
"109","ambiguous",2
"110","ambition",2
"111","ambulance",2
"112","America",13
"113","American",13
"114","amoeba",1
"115","amount",14
"116","amplify",2
"117","amusing",1
"118","analysis",1
"119","analyze",2
"120","anarchy",2
"121","anatomy",2
"122","ancestor",1
"123","ancient",7
"124","android",1
"125","anemia",1
"126","anguish",2
"127","animals",8
"128","animation",1
"129","ankles",1
"130","anklet",1
"131","annihilate",1
"132","announce",1
"133","annoying",9
"134","annual",1
"135","annually",2
"136","anonymous",1
"137","anorexia",1
"138","another",2
"139","anteater",1
"140","antelope",1
"141","anthem",1
"142","antidote",1
"143","antimatter",1
"144","antiperspirant",1
"145","antique",1
"146","antisocial",1
"147","antithesis",1
"148","antler",3
"149","anxiety",3
"150","anxious",8
"151","anyone",1
"152","anything",5
"153","anywhere",1
"154","apartheid",1
"155","apartment",11
"156","apathetic",1
"157","apathy",2
"158","apology",1
"159","apparent",1
"160","appeal",1
"161","appear",4
"162","appearance",2
"163","appetite",1
"164","applause",1
"165","appliance",2
"166","application",1
"167","appoint",1
"168","appointment",3
"169","appraise",1
"170","appreciation",1
"171","approve",1
"172","approximate",1
"173","Aquarius",1
"174","Arachnid",1
"175","arches",1
"176","architect",3
"177","architecture",1
"178","argument",6
"179","Aristotle",1
"180","arithmetic",1
"181","around",10
"182","arrest",1
"183","arrive",4
"184","arrogant",5
"185","artery",1
"186","article",4
"187","artifact",1
"188","artifacts",1
"189","artist",9
"190","artistic",2
"191","ascend",2
"192","ascent",1
"193","ashamed",1
"194","ashtray",1
"195","asleep",4
"196","asphalt",3
"197","aspirin",8
"198","assault",2
"199","assemble",1
"200","assignment",1
"201","assist",2
"202","assistant",4
"203","associate",1
"204","assume",2
"205","asteroid",2
"206","astonish",1
"207","astound",1
"208","astrology",2
"209","astronomy",2
"210","asylum",1
"211","atheist",1
"212","athlete",9
"213","athletic",4
"214","Atlantic",1
"215","atmosphere",3
"216","atomic",1
"217","attach",3
"218","attache",1
"219","attack",8
"220","attempt",1
"221","attend",1
"222","attendance",1
"223","attendant",1
"224","attention",4
"225","attentive",2
"226","attire",1
"227","attitude",3
"228","attorney",4
"229","attract",3
"230","attraction",1
"231","attractive",3
"232","audience",1
"233","August",2
"234","Australia",1
"235","authentic",1
"236","author",5
"237","authority",7
"238","automatic",1
"239","automobile",1
"240","autumn",3
"241","available",1
"242","avenge",1
"243","Avenue",2
"244","average",10
"245","awareness",1
"246","awesome",6
"247","awkward",1
"248","babbling",1
"249","babies",1
"250","bachelor",2
"251","backbone",1
"252","background",2
"253","backpack",4
"254","backward",2
"255","bacteria",5
"256","badness",1
"257","baffle",1
"258","baggage",3
"259","Bahamas",2
"260","bakery",2
"261","balance",3
"262","balcony",1
"263","ballad",1
"264","ballerina",2
"265","ballet",7
"266","balloon",2
"267","ballot",1
"268","baloney",1
"269","bamboo",1
"270","banana",6
"271","bandage",3
"272","bandanna",1
"273","bandit",3
"274","banquet",1
"275","Baptist",2
"276","barbecue",7
"277","barbed",1
"278","barbells",1
"279","barber",1
"280","Barbie",1
"281","bargain",4
"282","barley",2
"283","Barney",1
"284","barrel",2
"285","barrette",1
"286","barricade",3
"287","barrier",3
"288","barter",1
"289","basement",6
"290","bashful",2
"291","basket",9
"292","basketball",15
"293","bathroom",9
"294","bathtub",3
"295","Batman",2
"296","battery",5
"297","battle",3
"298","beaker",1
"299","beanstalk",2
"300","Beatles",2
"301","beautify",1
"302","beauty",14
"303","Beaver",4
"304","became",1
"305","because",5
"306","bedroom",3
"307","bedtime",1
"308","beetle",1
"309","before",5
"310","beginner",3
"311","beginning",6
"312","behavior",7
"313","behind",5
"314","belfry",1
"315","belief",12
"316","beliefs",2
"317","believe",7
"318","believer",1
"319","belittle",1
"320","belong",3
"321","belonging",2
"322","beneath",3
"323","benefit",2
"324","benign",1
"325","Bermuda",1
"326","betray",2
"327","betrayal",1
"328","better",5
"329","between",1
"330","Beware",3
"331","beyond",2
"332","bicycle",11
"333","bigger",1
"334","bigotry",1
"335","billboard",1
"336","billfold",1
"337","billion",1
"338","binder",1
"339","binding",1
"340","binoculars",1
"341","biologist",1
"342","biology",11
"343","birthday",8
"344","Biscuit",3
"345","Bishop",1
"346","bitches",1
"347","bitter",4
"348","bizarre",1
"349","blackboard",2
"350","blackmail",2
"351","blacks",2
"352","blades",1
"353","blanket",9
"354","blankets",1
"355","bleach",7
"356","blemish",3
"357","blended",1
"358","blender",1
"359","blindfold",1
"360","blinds",2
"361","blister",1
"362","blockade",1
"363","blocks",3
"364","blonde",8
"365","bloody",1
"366","blossom",1
"367","blotter",1
"368","blouse",3
"369","blubber",1
"370","blueberry",4
"371","Bluejay",1
"372","blueprint",1
"373","blurry",2
"374","boardwalk",1
"375","boiled",1
"376","bologna",1
"377","bonnet",1
"378","booger",1
"379","booklet",1
"380","border",1
"381","boredom",1
"382","borrow",7
"383","bother",11
"384","bothersome",1
"385","bottle",10
"386","bottom",5
"387","bottomless",1
"388","bought",1
"389","bouillon",1
"390","Boulder",2
"391","Boulevard",2
"392","bounce",6
"393","boundary",3
"394","bounty",1
"395","bouquet",1
"396","bourbon",2
"397","bowling",2
"398","boxing",2
"399","boyfriend",8
"400","bracelet",5
"401","braces",2
"402","branch",6
"403","brandy",1
"404","bravery",2
"405","breakable",5
"406","breakdown",2
"407","breaker",1
"408","breakfast",15
"409","breast",2
"410","breasts",2
"411","breath",12
"412","breathe",12
"413","breeze",3
"414","breezeway",1
"415","bricks",3
"416","bridge",6
"417","briefcase",2
"418","bright",24
"419","brightness",1
"420","brilliant",2
"421","Britain",1
"422","broccoli",5
"423","broken",17
"424","broker",1
"425","bronze",3
"426","brother",13
"427","brotherhood",1
"428","brothers",2
"429","brought",1
"430","Brownie",1
"431","bruise",1
"432","bruises",1
"433","brunette",1
"434","bubble",9
"435","buccaneer",1
"436","bucket",3
"437","buckle",2
"438","Buffalo",3
"439","builder",3
"440","buildings",1
"441","bullet",4
"442","bulletin",1
"443","bumble",1
"444","bumper",2
"445","bunches",1
"446","buoyant",1
"447","burden",1
"448","burglar",5
"449","burglary",2
"450","burial",3
"451","burner",1
"452","burning",1
"453","business",17
"454","businessman",1
"455","Buster",1
"456","bustle",1
"457","busybody",1
"458","butler",2
"459","butter",20
"460","butterfly",5
"461","button",10
"462","buttons",1
"463","cabbage",3
"464","cabinet",4
"465","caboodle",1
"466","caboose",1
"467","cactus",1
"468","Caesar",1
"469","cafeteria",1
"470","caffeine",1
"471","calculate",2
"472","calculator",4
"473","calculus",5
"474","calendar",5
"475","California",5
"476","calories",2
"477","camera",11
"478","campaign",2
"479","Campbell",1
"480","camper",1
"481","camping",7
"482","campus",1
"483","Canada",1
"484","canary",1
"485","cancel",1
"486","cancer",12
"487","candidate",1
"488","candle",10
"489","canter",1
"490","canvas",1
"491","Canyon",2
"492","capability",2
"493","capable",1
"494","capacity",1
"495","Capone",1
"496","Capricorn",2
"497","capsule",1
"498","Captain",5
"499","captive",2
"500","capture",3
"501","captured",1
"502","carbohydrates",1
"503","carbon",2
"504","carbonation",1
"505","cardboard",1
"506","Cardinal",2
"507","career",3
"508","carefree",1
"509","careful",11
"510","careless",2
"511","caress",2
"512","caring",11
"513","carnation",1
"514","carnival",4
"515","Carpenter",1
"516","carpet",8
"517","carriage",2
"518","carrier",1
"519","carrot",5
"520","carrots",2
"521","carton",1
"522","cartoon",4
"523","cashew",2
"524","cashews",1
"525","cashier",1
"526","casino",1
"527","Casper",1
"528","cassette",1
"529","castle",8
"530","casual",2
"531","catastrophe",1
"532","catcher",1
"533","catchy",1
"534","caterpillar",2
"535","Catholic",14
"536","cattle",3
"537","caught",2
"538","cauliflower",1
"539","caution",6
"540","cautious",2
"541","cavern",1
"542","cavity",1
"543","ceiling",6
"544","celebrate",2
"545","celebration",3
"546","celebrity",1
"547","celery",3
"548","cellar",3
"549","cement",13
"550","cemetery",4
"551","censor",1
"552","center",9
"553","centipede",1
"554","century",2
"555","ceramic",2
"556","ceramics",1
"557","cereal",16
"558","ceremony",2
"559","certain",2
"560","certificate",1
"561","chains",2
"562","chairperson",1
"563","chalkboard",1
"564","challenge",4
"565","chamber",1
"566","champagne",1
"567","champion",2
"568","chance",10
"569","channel",1
"570","chapped",1
"571","chapter",2
"572","character",3
"573","characteristic",1
"574","charge",4
"575","charity",2
"576","Charles",1
"577","Charlie",1
"578","charming",1
"579","charred",1
"580","chastise",1
"581","chatter",1
"582","chauffeur",2
"583","cheater",1
"584","checkered",1
"585","checkers",2
"586","checking",1
"587","Cheddar",1
"588","cheerleader",3
"589","cheese",22
"590","Cheetah",2
"591","chemical",8
"592","chemist",1
"593","cherish",1
"594","Cherokee",1
"595","cherry",7
"596","childhood",2
"597","childish",1
"598","children",24
"599","chimney",2
"600","chimpanzee",2
"601","Chinese",3
"602","chipmunk",1
"603","chipped",1
"604","choice",12
"605","choices",1
"606","choose",9
"607","chopper",1
"608","chorus",1
"609","chowder",1
"610","Christ",5
"611","Christian",7
"612","Christmas",20
"613","Christopher",1
"614","chromosomes",1
"615","cigarette",19
"616","Cinderella",1
"617","cinnamon",1
"618","circle",23
"619","circumference",1
"620","circumstance",1
"621","circus",6
"622","citizen",3
"623","citrus",1
"624","clarify",1
"625","clarinet",5
"626","classes",1
"627","classified",1
"628","classy",1
"629","clause",1
"630","cleaner",4
"631","cleaning",1
"632","cleanliness",2
"633","cleaver",1
"634","clever",2
"635","cliche",1
"636","client",1
"637","cliffs",1
"638","climate",2
"639","climax",1
"640","climber",1
"641","clinic",1
"642","clipper",2
"643","clippers",2
"644","clockwise",1
"645","closed",2
"646","closer",1
"647","closet",9
"648","closing",1
"649","clothing",2
"650","cloudy",6
"651","clover",1
"652","clowns",1
"653","clueless",1
"654","clumsy",4
"655","clutter",1
"656","coarse",1
"657","cobweb",1
"658","cocaine",5
"659","cockroach",1
"660","cocktail",1
"661","coerce",1
"662","coffee",19
"663","coffin",1
"664","colder",2
"665","coleslaw",1
"666","collapse",1
"667","collar",6
"668","colleague",1
"669","collect",5
"670","collected",1
"671","collector",1
"672","college",16
"673","collision",1
"674","cologne",3
"675","Colonel",3
"676","Colorado",1
"677","colors",2
"678","Columbus",2
"679","column",3
"680","combination",1
"681","combine",2
"682","combined",1
"683","combustion",1
"684","comedian",2
"685","comedy",5
"686","comfort",8
"687","comfortable",8
"688","comics",1
"689","command",2
"690","Commandments",1
"691","commencement",1
"692","comment",5
"693","commerce",1
"694","commercial",3
"695","commission",1
"696","commitment",4
"697","committee",3
"698","common",9
"699","communicate",2
"700","communication",4
"701","communism",2
"702","Communist",2
"703","community",2
"704","compact",1
"705","companion",3
"706","company",13
"707","compare",2
"708","compass",2
"709","compassion",1
"710","compete",3
"711","competence",1
"712","competition",3
"713","complain",3
"714","complete",6
"715","complex",6
"716","complicated",1
"717","compliment",2
"718","components",1
"719","compose",2
"720","compound",2
"721","comprehend",2
"722","compromise",3
"723","compulsive",1
"724","compute",1
"725","conceal",1
"726","conceit",2
"727","conceited",8
"728","concentrate",2
"729","concept",2
"730","concern",4
"731","concert",6
"732","conclude",1
"733","conclusion",5
"734","concoction",1
"735","concrete",9
"736","condemn",1
"737","condiment",1
"738","condition",4
"739","conditioned",1
"740","conditioner",1
"741","conditions",1
"742","condom",4
"743","conductor",2
"744","Confederacy",1
"745","conference",2
"746","confess",1
"747","confession",2
"748","confidence",1
"749","confident",1
"750","confidential",3
"751","conflict",2
"752","confuse",4
"753","confused",5
"754","confusing",1
"755","confusion",9
"756","congestion",1
"757","Congress",3
"758","Congressman",1
"759","connect",3
"760","connections",1
"761","connive",1
"762","conniving",1
"763","conquer",6
"764","conscience",1
"765","conscious",3
"766","consent",2
"767","consequence",2
"768","conservative",2
"769","consistent",1
"770","Constitution",1
"771","construct",1
"772","construction",7
"773","constructive",1
"774","constructor",1
"775","consume",1
"776","consumer",3
"777","contact",2
"778","contacts",2
"779","container",10
"780","contemplate",1
"781","contemporary",1
"782","content",3
"783","contest",2
"784","continent",3
"785","continuous",2
"786","contract",4
"787","contractor",1
"788","contraption",1
"789","contrary",1
"790","control",12
"791","convent",1
"792","conversation",3
"793","converse",2
"794","convict",4
"795","convince",1
"796","cooked",4
"797","cooker",1
"798","cookie",19
"799","cookies",4
"800","cooking",3
"801","cookout",1
"802","coolant",1
"803","cooler",3
"804","coordination",1
"805","copier",2
"806","copper",5
"807","corner",3
"808","corporation",3
"809","correct",14
"810","corridor",2
"811","corrode",1
"812","corrupt",3
"813","cosine",1
"814","cosmetics",1
"815","cosmonaut",1
"816","costume",3
"817","cottage",1
"818","cotton",11
"819","council",1
"820","counsel",2
"821","couple",7
"822","courage",6
"823","course",4
"824","courteous",1
"825","cousin",4
"826","coverage",1
"827","covered",1
"828","coward",5
"829","cowboy",11
"830","cowgirl",1
"831","cracked",1
"832","cracker",7
"833","crackers",1
"834","crackle",2
"835","crafts",1
"836","crater",1
"837","crayon",2
"838","crease",2
"839","create",11
"840","created",1
"841","creative",2
"842","creativity",1
"843","creator",3
"844","creature",1
"845","credit",3
"846","cricket",2
"847","criminal",22
"848","cripple",3
"849","crisis",2
"850","crisscross",1
"851","criteria",1
"852","critical",1
"853","criticism",1
"854","criticize",3
"855","critique",1
"856","crochet",2
"857","crocodile",1
"858","crooked",6
"859","crossing",2
"860","crossword",1
"861","crowded",1
"862","crucial",1
"863","cruise",2
"864","crumble",1
"865","crumbs",1
"866","crunch",2
"867","crunchy",3
"868","crutch",1
"869","crystal",3
"870","cucumber",4
"871","cuddle",3
"872","cuddly",1
"873","cuisine",1
"874","culture",5
"875","cunning",1
"876","cupboard",2
"877","cupcake",1
"878","curfew",1
"879","curiosity",1
"880","curious",3
"881","current",4
"882","cursive",2
"883","curtain",5
"884","curtains",2
"885","curtsey",1
"886","curved",1
"887","cushion",5
"888","custom",2
"889","customer",3
"890","cutlet",1
"891","dagger",3
"892","daiquiri",1
"893","daisies",1
"894","Dallas",1
"895","Dalmatian",1
"896","damage",2
"897","dancer",8
"898","dandelion",1
"899","dandruff",4
"900","dangerous",6
"901","Danish",1
"902","daring",2
"903","darker",1
"904","darkness",1
"905","dashboard",1
"906","daughter",2
"907","daybreak",1
"908","deadline",1
"909","deadly",2
"910","debate",3
"911","decade",2
"912","decades",1
"913","deceit",1
"914","deceive",6
"915","Decelerate",1
"916","December",1
"917","decide",5
"918","decided",1
"919","deciding",1
"920","decision",5
"921","declaration",1
"922","decline",1
"923","decompose",1
"924","decorate",2
"925","decoration",2
"926","decorative",1
"927","decorator",1
"928","decrease",4
"929","dedicate",1
"930","dedication",1
"931","defeat",6
"932","defend",4
"933","defendant",1
"934","defense",1
"935","deficit",1
"936","define",1
"937","definite",2
"938","definition",4
"939","definitions",1
"940","deflation",1
"941","defrost",1
"942","degrade",2
"943","degree",6
"944","degrees",2
"945","delayed",1
"946","delicate",2
"947","delicious",3
"948","delinquent",1
"949","deliver",4
"950","delusion",1
"951","demand",3
"952","demean",1
"953","democracy",3
"954","Democrat",3
"955","Democratic",2
"956","demolish",2
"957","demonstrate",1
"958","demonstration",1
"959","denial",1
"960","denominator",1
"961","dental",1
"962","dentist",6
"963","deodorant",5
"964","depart",1
"965","depend",1
"966","dependable",2
"967","dependent",2
"968","deplete",1
"969","depletion",1
"970","deposit",2
"971","depress",1
"972","depressed",9
"973","depression",2
"974","deputy",1
"975","descend",1
"976","descendent",1
"977","descent",1
"978","describe",4
"979","description",1
"980","desert",12
"981","deserve",1
"982","design",7
"983","designer",3
"984","desire",11
"985","despair",2
"986","dessert",7
"987","destiny",1
"988","destroy",22
"989","destroyer",1
"990","destruct",1
"991","destruction",9
"992","destructive",1
"993","detach",1
"994","detail",4
"995","details",1
"996","Detective",2
"997","detergent",5
"998","deteriorate",3
"999","determine",2
"1000","determined",1
"1001","Detroit",1
"1002","develop",1
"1003","development",2
"1004","devils",1
"1005","devious",1
"1006","diagnosis",1
"1007","diagram",1
"1008","diamond",19
"1009","diapers",1
"1010","dictator",2
"1011","dictionary",10
"1012","differ",1
"1013","difference",1
"1014","difficult",7
"1015","digest",1
"1016","digestion",1
"1017","Digger",2
"1018","digital",1
"1019","digits",1
"1020","dilemma",1
"1021","dilute",1
"1022","diminish",3
"1023","dinosaur",3
"1024","dioxide",2
"1025","diploma",3
"1026","diplomacy",1
"1027","direct",3
"1028","direction",6
"1029","directions",4
"1030","director",2
"1031","disability",2
"1032","disable",1
"1033","disabled",2
"1034","disagree",5
"1035","disagreement",2
"1036","disappear",9
"1037","disappoint",1
"1038","disappointed",1
"1039","disapproval",1
"1040","disassociate",1
"1041","disaster",8
"1042","disbelief",2
"1043","disbelieve",1
"1044","disciple",1
"1045","disciples",1
"1046","discipline",3
"1047","discomfort",1
"1048","disconnect",1
"1049","discount",1
"1050","discourage",1
"1051","discover",5
"1052","discreet",1
"1053","discrete",1
"1054","discriminate",1
"1055","discuss",2
"1056","discussion",2
"1057","disease",19
"1058","disgrace",1
"1059","disguise",2
"1060","disgust",1
"1061","disgusting",8
"1062","dishes",8
"1063","dishonest",3
"1064","dishonesty",1
"1065","dishonor",1
"1066","dishwasher",1
"1067","disinfectant",1
"1068","disintegrate",2
"1069","dislike",9
"1070","disloyal",1
"1071","dismay",1
"1072","dismiss",1
"1073","Disney",3
"1074","disobey",1
"1075","disorder",5
"1076","disorderly",1
"1077","disorganized",1
"1078","disown",1
"1079","dispense",1
"1080","display",1
"1081","disprove",1
"1082","dispute",1
"1083","disrupt",1
"1084","dissatisfaction",1
"1085","dissertation",1
"1086","dissolve",1
"1087","dissuade",1
"1088","distance",5
"1089","distant",2
"1090","distrust",2
"1091","disturb",3
"1092","disuse",1
"1093","divide",6
"1094","dividend",1
"1095","diving",2
"1096","division",3
"1097","divorce",5
"1098","docile",1
"1099","doctoral",1
"1100","document",5
"1101","Dodger",1
"1102","dollar",11
"1103","dollars",5
"1104","dolphin",5
"1105","domain",1
"1106","domestic",1
"1107","dominate",3
"1108","domineering",1
"1109","Dominican",1
"1110","donkey",4
"1111","doodle",1
"1112","doorbell",2
"1113","doorway",2
"1114","double",8
"1115","doubtful",1
"1116","doughnut",5
"1117","doughnuts",1
"1118","downstairs",2
"1119","downstream",1
"1120","Dragon",5
"1121","drainage",1
"1122","drapes",3
"1123","drawer",3
"1124","drawing",7
"1125","dreams",1
"1126","dreary",2
"1127","drench",1
"1128","dresser",3
"1129","dressing",5
"1130","dressy",2
"1131","drinking",1
"1132","drinks",1
"1133","driver",16
"1134","drivers",1
"1135","driveway",3
"1136","driving",2
"1137","duckling",1
"1138","dumbfounded",1
"1139","dungarees",1
"1140","dungeon",3
"1141","duplicate",2
"1142","duster",1
"1143","dwarves",2
"1144","dynamite",3
"1145","Dynasty",1
"1146","earnings",1
"1147","earring",5
"1148","earrings",1
"1149","earthquake",4
"1150","Easter",2
"1151","eating",1
"1152","economy",2
"1153","ecstatic",1
"1154","Edison",1
"1155","editor",1
"1156","educate",2
"1157","education",7
"1158","effect",3
"1159","effort",2
"1160","Eiffel",1
"1161","Eighteen",2
"1162","Einstein",3
"1163","elaborate",2
"1164","elbows",1
"1165","elderly",2
"1166","Elders",1
"1167","election",4
"1168","electric",8
"1169","electrician",1
"1170","electricity",16
"1171","electrocute",1
"1172","electron",3
"1173","elegant",4
"1174","element",4
"1175","elements",2
"1176","elephant",12
"1177","elevator",6
"1178","eleven",3
"1179","elimination",1
"1180","embarrass",7
"1181","embrace",1
"1182","Emerald",2
"1183","emergency",5
"1184","emotion",6
"1185","emotional",1
"1186","emotions",1
"1187","empathetic",2
"1188","empathy",3
"1189","emperor",1
"1190","emphasize",1
"1191","empire",4
"1192","employee",5
"1193","employees",2
"1194","employer",2
"1195","employment",1
"1196","enclosed",1
"1197","encompassing",1
"1198","encourage",2
"1199","encyclopedia",4
"1200","endearment",1
"1201","ending",4
"1202","endless",2
"1203","endocrine",1
"1204","endurance",1
"1205","enemies",1
"1206","energetic",2
"1207","energy",15
"1208","enforcement",2
"1209","engage",1
"1210","engagement",3
"1211","engine",11
"1212","engineer",4
"1213","England",5
"1214","English",24
"1215","enjoyment",1
"1216","enlarge",2
"1217","enlist",1
"1218","enough",2
"1219","Enterprise",1
"1220","entertain",2
"1221","entertainment",3
"1222","enthusiastic",1
"1223","entrance",5
"1224","envelope",5
"1225","environment",7
"1226","epidermis",1
"1227","equation",1
"1228","equilibrium",1
"1229","eraser",4
"1230","escalator",2
"1231","escape",5
"1232","escargot",1
"1233","Eskimo",1
"1234","espionage",1
"1235","estate",1
"1236","esteem",2
"1237","estimate",1
"1238","estrogen",1
"1239","eternal",2
"1240","eternity",4
"1241","ethics",1
"1242","Ethiopia",2
"1243","etiquette",1
"1244","Europe",7
"1245","evaluate",1
"1246","evaporate",1
"1247","evening",7
"1248","events",1
"1249","everyday",3
"1250","everyone",1
"1251","everything",4
"1252","evidence",3
"1253","evolution",1
"1254","examination",1
"1255","examine",2
"1256","example",2
"1257","excellent",4
"1258","exceptional",1
"1259","excess",1
"1260","exchange",4
"1261","excite",2
"1262","excited",6
"1263","excitement",4
"1264","exciting",8
"1265","exclamation",1
"1266","Excuse",7
"1267","executive",1
"1268","exercise",20
"1269","Exhale",2
"1270","exhaust",2
"1271","exhausted",2
"1272","exhilarating",1
"1273","existence",1
"1274","Exorcist",1
"1275","exotic",1
"1276","expand",1
"1277","expanse",1
"1278","expectations",1
"1279","expense",1
"1280","expensive",16
"1281","experience",1
"1282","experiment",10
"1283","experimenter",1
"1284","expert",5
"1285","expired",1
"1286","explain",7
"1287","explanation",3
"1288","explode",9
"1289","explosion",6
"1290","explosive",1
"1291","exposure",1
"1292","express",3
"1293","expression",2
"1294","extend",1
"1295","extension",1
"1296","exterior",1
"1297","external",1
"1298","extinct",3
"1299","extort",1
"1300","extortion",1
"1301","extraordinary",1
"1302","extreme",1
"1303","extremes",2
"1304","extrovert",2
"1305","eyeball",1
"1306","eyebrows",3
"1307","eyelash",2
"1308","eyelashes",2
"1309","eyelid",1
"1310","fabric",4
"1311","factors",1
"1312","factory",8
"1313","faculty",1
"1314","faddle",1
"1315","Fahrenheit",1
"1316","failure",4
"1317","faithful",3
"1318","familiar",1
"1319","famine",1
"1320","famished",1
"1321","famous",1
"1322","fanatic",1
"1323","fantastic",2
"1324","fantasy",10
"1325","farewell",1
"1326","farmer",5
"1327","farmers",1
"1328","farther",1
"1329","fascinating",1
"1330","fashion",6
"1331","father",8
"1332","fatigue",1
"1333","fattening",2
"1334","faucet",5
"1335","feasible",1
"1336","feather",8
"1337","feathers",1
"1338","feature",2
"1339","February",1
"1340","federal",4
"1341","feeble",1
"1342","feeling",20
"1343","feelings",1
"1344","fellowship",1
"1345","female",8
"1346","feminine",1
"1347","festival",3
"1348","fiction",5
"1349","fiddle",1
"1350","fighter",4
"1351","fighting",1
"1352","figure",10
"1353","figures",1
"1354","figurine",1
"1355","filled",1
"1356","filling",1
"1357","filthy",1
"1358","finally",1
"1359","finance",1
"1360","financial",1
"1361","finger",23
"1362","fingernail",2
"1363","fingerprint",1
"1364","fingers",5
"1365","finish",19
"1366","finished",2
"1367","finite",1
"1368","fireman",1
"1369","fireplace",3
"1370","fishing",13
"1371","fitness",2
"1372","fittest",1
"1373","flakes",4
"1374","flamboyant",1
"1375","flapjacks",1
"1376","flashlight",1
"1377","flavor",4
"1378","flawless",1
"1379","flexible",4
"1380","flight",2
"1381","Flipper",1
"1382","floater",1
"1383","Florida",13
"1384","Floridian",1
"1385","flowers",6
"1386","Fluffy",2
"1387","flying",1
"1388","folder",4
"1389","follow",15
"1390","follower",2
"1391","fondle",1
"1392","foolish",2
"1393","forbid",4
"1394","forbidden",1
"1395","forceful",2
"1396","foreground",1
"1397","forehead",1
"1398","foreign",9
"1399","foresee",1
"1400","foresight",3
"1401","forest",16
"1402","foretell",1
"1403","forever",15
"1404","forget",14
"1405","forgive",5
"1406","forgot",1
"1407","formal",4
"1408","forming",1
"1409","fortune",4
"1410","forward",8
"1411","fountain",1
"1412","fourth",1
"1413","fraction",1
"1414","fracture",1
"1415","fragile",5
"1416","fragrance",1
"1417","France",5
"1418","Frankenstein",2
"1419","Franks",1
"1420","frantic",1
"1421","fraternity",6
"1422","freckle",1
"1423","freedom",14
"1424","freeway",2
"1425","Freeze",5
"1426","freezer",1
"1427","French",11
"1428","frenzy",2
"1429","frequency",1
"1430","frequent",1
"1431","freshmen",1
"1432","Friday",4
"1433","friendliness",1
"1434","friendly",6
"1435","friends",9
"1436","friendship",2
"1437","fright",7
"1438","frighten",1
"1439","frightened",2
"1440","fringe",2
"1441","Frisbee",1
"1442","frolic",1
"1443","frontier",1
"1444","frosted",2
"1445","frosting",1
"1446","frozen",5
"1447","frustrated",1
"1448","frustration",3
"1449","fugitive",1
"1450","function",1
"1451","fundamental",1
"1452","funeral",7
"1453","fungus",5
"1454","furnish",1
"1455","furniture",8
"1456","further",1
"1457","future",11
"1458","gadget",2
"1459","gagged",1
"1460","galaxy",2
"1461","gallery",1
"1462","gallon",3
"1463","gallop",1
"1464","gamble",4
"1465","gander",2
"1466","garage",4
"1467","garbage",13
"1468","garden",10
"1469","garlic",4
"1470","gather",3
"1471","gathering",2
"1472","gators",1
"1473","gazelle",1
"1474","gelatin",1
"1475","gender",2
"1476","General",11
"1477","generic",1
"1478","generous",4
"1479","genetics",2
"1480","genius",4
"1481","gentle",5
"1482","gentleman",3
"1483","genuine",1
"1484","geometry",9
"1485","George",2
"1486","Georgia",2
"1487","German",1
"1488","Germany",1
"1489","ghetto",1
"1490","gifted",1
"1491","giggle",3
"1492","ginger",1
"1493","giraffe",1
"1494","girlfriend",4
"1495","giving",1
"1496","glacier",1
"1497","glands",1
"1498","glasses",12
"1499","glossy",1
"1500","gloves",3
"1501","goblin",2
"1502","goddess",1
"1503","godliness",1
"1504","godmother",1
"1505","goggles",1
"1506","golden",2
"1507","Goodbye",5
"1508","goodness",3
"1509","gorgeous",2
"1510","gorilla",2
"1511","gossip",4
"1512","governor",2
"1513","graceful",3
"1514","gracious",2
"1515","graduate",1
"1516","graduation",2
"1517","Graham",1
"1518","grammar",4
"1519","grandchild",1
"1520","grandfather",2
"1521","Grandma",7
"1522","grandmother",2
"1523","Grandpa",1
"1524","grandparent",2
"1525","grandparents",2
"1526","granola",1
"1527","grapefruit",1
"1528","grasshopper",1
"1529","grateful",1
"1530","gratitude",1
"1531","graveyard",1
"1532","gravity",1
"1533","grease",10
"1534","greasy",2
"1535","greater",1
"1536","greatest",1
"1537","greedy",1
"1538","Greeks",1
"1539","greens",1
"1540","greeting",3
"1541","grizzly",1
"1542","groceries",6
"1543","grocery",3
"1544","ground",18
"1545","grounded",1
"1546","grounds",2
"1547","growth",4
"1548","grumble",1
"1549","guardian",1
"1550","guardians",1
"1551","guilty",13
"1552","guitar",13
"1553","gullible",2
"1554","gymnast",1
"1555","gymnastics",6
"1556","haircut",1
"1557","hairspray",2
"1558","Hallelujah",1
"1559","Hallmark",1
"1560","Halloween",13
"1561","hallucination",2
"1562","hallway",5
"1563","hamburger",14
"1564","hammer",17
"1565","hammock",1
"1566","handbag",1
"1567","handcuffs",1
"1568","handicap",3
"1569","handicapped",2
"1570","handkerchief",1
"1571","handle",8
"1572","handsome",3
"1573","handwriting",2
"1574","hanger",5
"1575","hangover",1
"1576","happen",3
"1577","happening",2
"1578","happiness",10
"1579","Harbor",1
"1580","hardly",1
"1581","Harlem",1
"1582","harmful",2
"1583","Harmony",2
"1584","harvest",2
"1585","hassle",1
"1586","hatchet",1
"1587","Hawaii",4
"1588","Hawaiian",1
"1589","haystack",1
"1590","hazard",1
"1591","headache",13
"1592","headband",1
"1593","headed",1
"1594","heading",2
"1595","health",7
"1596","healthy",10
"1597","hearing",1
"1598","hearted",1
"1599","hearth",1
"1600","hearts",1
"1601","heater",1
"1602","heaven",14
"1603","heavier",1
"1604","hectic",2
"1605","hedgehog",1
"1606","height",11
"1607","helium",2
"1608","helmet",1
"1609","helper",4
"1610","helpful",5
"1611","helpless",1
"1612","herbal",1
"1613","hereditary",1
"1614","heredity",1
"1615","heritage",1
"1616","heroin",1
"1617","heroine",1
"1618","hesitate",1
"1619","hidden",7
"1620","higher",2
"1621","highest",1
"1622","highlight",1
"1623","highlighter",1
"1624","highway",8
"1625","hiking",1
"1626","hilarious",1
"1627","hinder",1
"1628","hindrance",1
"1629","hindsight",1
"1630","hippie",2
"1631","Hispanic",2
"1632","history",6
"1633","hitchhike",2
"1634","Hitler",2
"1635","hitter",1
"1636","hockey",4
"1637","holder",5
"1638","holiday",10
"1639","holler",3
"1640","holster",1
"1641","homeless",8
"1642","homework",3
"1643","honest",11
"1644","honesty",6
"1645","honeymoon",1
"1646","hooked",1
"1647","hooker",1
"1648","Hoover",1
"1649","hopeful",2
"1650","hopeless",2
"1651","Hopper",1
"1652","hormone",1
"1653","hormones",2
"1654","horoscope",1
"1655","horrible",2
"1656","horror",7
"1657","horses",1
"1658","hospital",21
"1659","hospitality",1
"1660","hostage",2
"1661","hostess",1
"1662","hotter",2
"1663","hourly",1
"1664","houses",1
"1665","housing",2
"1666","humble",3
"1667","humiliate",2
"1668","hundred",2
"1669","hunger",4
"1670","hungry",13
"1671","Hunter",2
"1672","hunting",1
"1673","hurdle",1
"1674","hurricane",9
"1675","hurried",1
"1676","hurtful",1
"1677","husband",4
"1678","hydrogen",5
"1679","hygiene",2
"1680","hyperactive",1
"1681","hypnotist",1
"1682","hypnotize",2
"1683","hypothesis",4
"1684","iceberg",1
"1685","ideals",1
"1686","identical",1
"1687","identification",2
"1688","identity",1
"1689","ignorance",1
"1690","ignorant",1
"1691","ignore",5
"1692","iguana",1
"1693","illegal",6
"1694","illness",10
"1695","illusion",3
"1696","illustrated",1
"1697","imaginary",1
"1698","imagination",3
"1699","imaginative",1
"1700","imagine",4
"1701","imbalance",1
"1702","imitate",2
"1703","immature",2
"1704","immediate",3
"1705","immoral",1
"1706","impaired",1
"1707","impatience",2
"1708","impatient",1
"1709","impediment",1
"1710","imperfect",1
"1711","implode",1
"1712","importance",1
"1713","important",20
"1714","impossible",3
"1715","impress",1
"1716","impressed",2
"1717","impulse",3
"1718","inability",1
"1719","inactive",1
"1720","incapable",1
"1721","incident",1
"1722","incline",2
"1723","incognito",1
"1724","income",3
"1725","Incoming",1
"1726","incompetent",1
"1727","incomplete",1
"1728","incorporate",1
"1729","incorrect",3
"1730","increase",7
"1731","incredible",1
"1732","independent",3
"1733","Indian",17
"1734","Indians",1
"1735","indifference",1
"1736","indirect",1
"1737","individual",2
"1738","indoors",1
"1739","industry",1
"1740","inexpensive",1
"1741","infamous",1
"1742","infant",2
"1743","infatuation",1
"1744","infection",3
"1745","inferior",1
"1746","inferno",1
"1747","infinite",1
"1748","infinity",4
"1749","inflation",1
"1750","influence",2
"1751","inform",3
"1752","informal",2
"1753","information",9
"1754","infrequent",1
"1755","ingenious",1
"1756","ingest",1
"1757","ingredient",2
"1758","ingredients",1
"1759","ingrown",1
"1760","inhale",4
"1761","injection",1
"1762","injury",7
"1763","inmate",1
"1764","innocence",2
"1765","innocent",7
"1766","inquire",1
"1767","inquisitive",2
"1768","insane",1
"1769","insect",17
"1770","insecure",1
"1771","inside",8
"1772","insight",2
"1773","instant",2
"1774","instinct",1
"1775","instruct",1
"1776","instruction",2
"1777","instructions",1
"1778","instructor",2
"1779","instrument",25
"1780","insult",5
"1781","insurance",5
"1782","integrate",1
"1783","integrity",1
"1784","intellectual",1
"1785","intelligence",9
"1786","intelligent",9
"1787","intensity",1
"1788","intensive",1
"1789","intent",1
"1790","intercourse",2
"1791","interest",4
"1792","interested",1
"1793","interesting",3
"1794","interior",2
"1795","international",1
"1796","internet",1
"1797","interpret",1
"1798","interrupt",1
"1799","interstate",3
"1800","intertwine",1
"1801","intestine",1
"1802","intimidate",1
"1803","intolerant",1
"1804","intriguing",1
"1805","introduce",1
"1806","introvert",2
"1807","intuition",2
"1808","invasion",1
"1809","invent",2
"1810","invented",1
"1811","invention",3
"1812","inventor",2
"1813","inventory",1
"1814","investigate",1
"1815","investigation",1
"1816","investigator",1
"1817","invisible",1
"1818","invited",1
"1819","involve",1
"1820","irregular",1
"1821","irresponsible",1
"1822","irritable",1
"1823","irritate",3
"1824","irritating",2
"1825","island",16
"1826","islands",1
"1827","isolated",3
"1828","Israel",1
"1829","Italian",8
"1830","jackass",1
"1831","jacket",12
"1832","January",1
"1833","Japanese",1
"1834","jealousy",1
"1835","jewelry",13
"1836","Jewish",8
"1837","jiggle",2
"1838","Jigsaw",1
"1839","jingle",2
"1840","jittery",1
"1841","jobless",1
"1842","jogger",3
"1843","jogging",1
"1844","Johnny",1
"1845","joints",1
"1846","joking",1
"1847","Joseph",1
"1848","journal",3
"1849","journey",5
"1850","joyous",1
"1851","judges",1
"1852","judgment",2
"1853","jumping",1
"1854","jungle",6
"1855","Jupiter",3
"1856","Jurassic",1
"1857","justice",6
"1858","juvenile",1
"1859","kaleidoscope",1
"1860","kangaroo",1
"1861","karate",1
"1862","keeper",2
"1863","kernel",1
"1864","ketchup",6
"1865","kettle",3
"1866","keyboard",1
"1867","kidnap",2
"1868","kidney",2
"1869","killer",5
"1870","kilometer",1
"1871","kindergarten",1
"1872","kindness",4
"1873","kinetic",1
"1874","kingdom",6
"1875","kitchen",12
"1876","kitten",6
"1877","Kleenex",4
"1878","Knight",7
"1879","knowing",1
"1880","knowledge",25
"1881","knuckle",2
"1882","Kryptonite",1
"1883","lacking",1
"1884","ladder",5
"1885","ladies",1
"1886","lagoon",2
"1887","Lakers",1
"1888","landscape",3
"1889","language",13
"1890","larger",1
"1891","larynx",1
"1892","lasagna",1
"1893","lashes",1
"1894","lasting",3
"1895","lately",1
"1896","lather",1
"1897","launch",2
"1898","laundry",8
"1899","lawful",1
"1900","lawsuit",1
"1901","lawyer",21
"1902","leader",17
"1903","league",1
"1904","learner",2
"1905","learning",1
"1906","leather",11
"1907","leaves",6
"1908","lecture",4
"1909","leftovers",1
"1910","legend",2
"1911","lemonade",3
"1912","length",11
"1913","lengths",1
"1914","lenient",1
"1915","lenses",1
"1916","leopard",1
"1917","lesson",1
"1918","lethal",1
"1919","letters",8
"1920","lettuce",10
"1921","levels",1
"1922","lexicon",1
"1923","liberty",3
"1924","library",4
"1925","license",4
"1926","licorice",1
"1927","Lieutenant",4
"1928","lifestyle",1
"1929","lighter",2
"1930","lighthouse",1
"1931","lightning",7
"1932","lights",1
"1933","likelihood",1
"1934","likely",1
"1935","limber",2
"1936","limousine",1
"1937","Lincoln",2
"1938","lingerie",2
"1939","linguini",1
"1940","lipstick",4
"1941","liquid",7
"1942","liquor",13
"1943","Listen",10
"1944","literature",3
"1945","litter",1
"1946","little",20
"1947","lively",2
"1948","living",5
"1949","lizard",4
"1950","lobster",4
"1951","location",4
"1952","locker",1
"1953","lollipop",2
"1954","London",3
"1955","lonely",7
"1956","longer",1
"1957","looking",1
"1958","Looney",1
"1959","loosen",2
"1960","lopsided",1
"1961","lotion",2
"1962","lottery",2
"1963","Louisiana",1
"1964","lounge",2
"1965","lovely",1
"1966","lovers",1
"1967","loving",4
"1968","lowest",1
"1969","loyalty",2
"1970","lubricant",1
"1971","lubricate",2
"1972","ludicrous",1
"1973","luggage",3
"1974","lumber",1
"1975","lunatic",1
"1976","luxurious",2
"1977","luxury",2
"1978","macaroni",1
"1979","machine",21
"1980","madness",1
"1981","Madonna",1
"1982","magazine",16
"1983","magician",5
"1984","magnet",2
"1985","magnify",1
"1986","mailman",1
"1987","majority",3
"1988","Mallard",1
"1989","mammal",3
"1990","manager",7
"1991","manatee",1
"1992","mandatory",1
"1993","maniac",1
"1994","manners",7
"1995","mansion",2
"1996","manufacture",2
"1997","manufacturer",1
"1998","manuscript",1
"1999","marathon",1
"2000","marble",2
"2001","margarine",1
"2002","margin",1
"2003","marijuana",6
"2004","Marine",3
"2005","Marines",2
"2006","marker",3
"2007","market",6
"2008","marriage",19
"2009","married",1
"2010","marrow",1
"2011","martini",2
"2012","mascara",1
"2013","mashed",1
"2014","massage",4
"2015","master",5
"2016","masters",2
"2017","matching",1
"2018","material",6
"2019","matter",4
"2020","mattress",2
"2021","mature",11
"2022","maximum",2
"2023","mayonnaise",3
"2024","meadow",2
"2025","meager",1
"2026","meander",1
"2027","meaning",10
"2028","meaningful",1
"2029","meaningless",1
"2030","measles",1
"2031","measure",14
"2032","measurement",4
"2033","measures",1
"2034","meatballs",1
"2035","mechanic",2
"2036","mechanical",3
"2037","mechanism",1
"2038","medical",3
"2039","medication",1
"2040","medicine",22
"2041","medieval",2
"2042","mediocre",1
"2043","medium",4
"2044","meeting",15
"2045","mellow",2
"2046","melody",1
"2047","member",4
"2048","membrane",1
"2049","Memorial",2
"2050","memories",2
"2051","memory",7
"2052","menstruation",1
"2053","mental",3
"2054","mention",1
"2055","merchandise",1
"2056","message",4
"2057","meteor",2
"2058","meteorite",1
"2059","method",3
"2060","Methodist",2
"2061","metric",1
"2062","Mexican",2
"2063","Mexico",2
"2064","microphone",3
"2065","microscope",7
"2066","microwave",2
"2067","midday",1
"2068","middle",10
"2069","midget",2
"2070","midgets",1
"2071","midnight",1
"2072","migraine",1
"2073","mildew",2
"2074","military",14
"2075","milkshake",1
"2076","million",1
"2077","minded",2
"2078","mineral",4
"2079","minimize",1
"2080","minimum",2
"2081","miniscule",1
"2082","minister",3
"2083","minivan",1
"2084","Minnesota",1
"2085","minority",1
"2086","minute",5
"2087","minutes",1
"2088","mirage",3
"2089","mirror",8
"2090","misplace",1
"2091","misses",1
"2092","missile",2
"2093","missing",4
"2094","mission",4
"2095","Mississippi",2
"2096","misspell",1
"2097","mistake",7
"2098","mister",1
"2099","Misters",1
"2100","mistreat",1
"2101","mistrust",1
"2102","misunderstand",2
"2103","misunderstanding",1
"2104","misuse",1
"2105","Mitten",1
"2106","mittens",1
"2107","mixture",3
"2108","mobile",1
"2109","modern",2
"2110","modest",1
"2111","moisten",1
"2112","molecule",2
"2113","molehill",1
"2114","molten",1
"2115","moment",2
"2116","monarch",1
"2117","monarchy",2
"2118","monastery",1
"2119","Monday",4
"2120","monkey",16
"2121","monkeys",1
"2122","Monopoly",2
"2123","monotonous",2
"2124","monoxide",1
"2125","monster",10
"2126","monthly",3
"2127","months",1
"2128","monument",1
"2129","moonlight",1
"2130","moonshine",1
"2131","morality",1
"2132","morals",5
"2133","morning",15
"2134","Moscow",1
"2135","mosquito",5
"2136","mothballs",1
"2137","mother",23
"2138","motion",5
"2139","motionless",1
"2140","motive",1
"2141","motorcycle",6
"2142","mountains",2
"2143","mousse",1
"2144","movable",1
"2145","movement",6
"2146","moving",3
"2147","muffin",4
"2148","multiplication",1
"2149","multiply",5
"2150","murder",14
"2151","murderer",2
"2152","muscle",18
"2153","muscles",2
"2154","museum",1
"2155","mushroom",2
"2156","mustache",2
"2157","mustard",6
"2158","myself",2
"2159","mysterious",1
"2160","mystery",7
"2161","mystical",1
"2162","mythology",1
"2163","napkin",2
"2164","narrow",3
"2165","nation",2
"2166","national",2
"2167","nations",1
"2168","native",4
"2169","natural",3
"2170","nature",5
"2171","naughty",2
"2172","necessary",3
"2173","necessity",1
"2174","necklace",7
"2175","needed",1
"2176","needle",21
"2177","negative",7
"2178","neglect",1
"2179","negotiation",1
"2180","neighbor",1
"2181","neighborhood",5
"2182","neighbors",1
"2183","nephew",2
"2184","Neptune",2
"2185","nerves",3
"2186","nervous",17
"2187","neuron",2
"2188","neurons",1
"2189","neutral",1
"2190","Neutron",2
"2191","newspaper",20
"2192","Newton",2
"2193","Niagara",1
"2194","nickel",5
"2195","nicotine",1
"2196","nightgown",2
"2197","nightie",1
"2198","nightmare",1
"2199","nights",1
"2200","nitrogen",1
"2201","nonfiction",1
"2202","nonsense",2
"2203","nonsmoking",1
"2204","noodles",4
"2205","normal",11
"2206","Northern",1
"2207","nostril",1
"2208","notation",1
"2209","notebook",4
"2210","nothing",17
"2211","notice",4
"2212","novice",4
"2213","nuclear",3
"2214","nucleus",3
"2215","nuggets",1
"2216","numbers",9
"2217","numeral",1
"2218","nursery",1
"2219","nutrition",1
"2220","nylons",1
"2221","oatmeal",2
"2222","obedient",1
"2223","object",7
"2224","objective",4
"2225","objects",1
"2226","obligation",2
"2227","oblivious",1
"2228","obnoxious",4
"2229","observe",2
"2230","obsession",1
"2231","obstacle",3
"2232","obtain",2
"2233","obtuse",1
"2234","obvious",3
"2235","occasion",1
"2236","occasional",1
"2237","occupation",1
"2238","occupied",1
"2239","occurrence",2
"2240","October",1
"2241","octopus",1
"2242","offend",1
"2243","offense",3
"2244","office",12
"2245","officer",12
"2246","official",5
"2247","oligarchy",1
"2248","Olympics",6
"2249","omelet",2
"2250","oodles",1
"2251","opaque",1
"2252","opener",3
"2253","opening",7
"2254","operate",1
"2255","operated",1
"2256","operation",3
"2257","opinion",14
"2258","opinions",1
"2259","opponent",2
"2260","opportunity",2
"2261","oppose",2
"2262","opposite",5
"2263","optical",1
"2264","optics",1
"2265","optimistic",1
"2266","option",2
"2267","orange",24
"2268","orchard",1
"2269","orchestra",4
"2270","ordinary",4
"2271","oregano",1
"2272","organic",1
"2273","organism",1
"2274","organization",1
"2275","organize",6
"2276","organized",1
"2277","orgasm",2
"2278","Orient",1
"2279","Oriental",2
"2280","original",5
"2281","ornament",2
"2282","orthodontist",1
"2283","outcome",2
"2284","outdoors",4
"2285","outfit",2
"2286","outgoing",7
"2287","outlaw",3
"2288","outlet",2
"2289","outline",2
"2290","output",1
"2291","outside",7
"2292","outskirts",1
"2293","outstanding",1
"2294","outtake",1
"2295","outwit",1
"2296","ovation",1
"2297","overall",1
"2298","overbearing",1
"2299","overcome",3
"2300","overdrive",1
"2301","overflow",1
"2302","overhead",1
"2303","overload",2
"2304","overlook",1
"2305","overpower",1
"2306","overtake",1
"2307","overthrow",2
"2308","overview",1
"2309","overwhelm",1
"2310","oxidation",1
"2311","oxygen",6
"2312","oyster",3
"2313","package",3
"2314","paddle",4
"2315","painful",1
"2316","painter",1
"2317","painting",11
"2318","pajamas",4
"2319","palace",1
"2320","Panama",1
"2321","pancakes",6
"2322","Panther",2
"2323","panties",1
"2324","pantyhose",2
"2325","paperclip",1
"2326","papers",3
"2327","parade",1
"2328","paradise",3
"2329","paragraph",5
"2330","paraphrase",1
"2331","parcel",1
"2332","parched",1
"2333","pardon",1
"2334","parent",13
"2335","parents",11
"2336","parking",6
"2337","Parkway",1
"2338","parlor",1
"2339","Parmesan",1
"2340","parrot",3
"2341","parrots",1
"2342","parsley",1
"2343","participate",2
"2344","participation",1
"2345","particles",1
"2346","particular",2
"2347","partner",1
"2348","passage",2
"2349","passenger",2
"2350","passion",3
"2351","passive",3
"2352","password",1
"2353","Pastor",1
"2354","pasture",1
"2355","patent",1
"2356","pathetic",1
"2357","patience",2
"2358","patient",6
"2359","patriot",1
"2360","patriotic",1
"2361","patrol",1
"2362","pavement",4
"2363","Pavlov",1
"2364","payment",6
"2365","peaceful",6
"2366","peanut",8
"2367","peanuts",1
"2368","pebble",2
"2369","pebbles",1
"2370","pencil",17
"2371","penguin",1
"2372","penicillin",1
"2373","pennies",1
"2374","pepper",6
"2375","pepperoni",1
"2376","peppers",1
"2377","perceive",2
"2378","percent",2
"2379","perception",1
"2380","perfect",6
"2381","perfection",2
"2382","performance",3
"2383","performer",1
"2384","perfume",8
"2385","Perhaps",1
"2386","period",11
"2387","permanent",2
"2388","permission",4
"2389","permit",3
"2390","peroxide",2
"2391","perplex",1
"2392","perseverance",1
"2393","persistence",1
"2394","personal",3
"2395","personality",11
"2396","perspiration",1
"2397","perspire",1
"2398","persuade",4
"2399","pessimism",1
"2400","pessimistic",1
"2401","pester",1
"2402","petals",3
"2403","petroleum",2
"2404","Phantom",1
"2405","Pharaoh",1
"2406","pharmacy",1
"2407","philosophy",2
"2408","phlegm",1
"2409","photograph",1
"2410","phrase",4
"2411","phrases",1
"2412","physical",4
"2413","physician",1
"2414","physics",8
"2415","physiology",1
"2416","picket",1
"2417","pickle",1
"2418","pickles",3
"2419","picnic",5
"2420","pictures",1
"2421","pieces",1
"2422","pierced",1
"2423","pigeon",1
"2424","pigskin",1
"2425","pilgrims",1
"2426","pillow",11
"2427","pimple",2
"2428","Pincher",1
"2429","pioneer",1
"2430","pirate",3
"2431","Pisces",1
"2432","pissed",1
"2433","pistol",1
"2434","piston",1
"2435","pitcher",2
"2436","pitchfork",1
"2437","pituitary",1
"2438","planet",11
"2439","planets",3
"2440","planters",1
"2441","plants",4
"2442","plasma",1
"2443","plastic",4
"2444","plates",3
"2445","platform",1
"2446","Playboy",1
"2447","player",17
"2448","playground",5
"2449","playing",1
"2450","plaything",1
"2451","pleasant",2
"2452","please",3
"2453","pleasure",4
"2454","pledge",2
"2455","plentiful",1
"2456","plenty",7
"2457","pliable",1
"2458","pliers",2
"2459","plumber",2
"2460","plunger",1
"2461","pocket",4
"2462","pocketbook",3
"2463","poetry",6
"2464","points",4
"2465","poison",8
"2466","policeman",1
"2467","policy",2
"2468","polish",4
"2469","polite",7
"2470","politician",5
"2471","politics",17
"2472","pollution",3
"2473","pompous",1
"2474","ponder",3
"2475","popcorn",4
"2476","Popeye",1
"2477","popular",4
"2478","population",1
"2479","porcelain",2
"2480","porcupine",1
"2481","porpoise",1
"2482","portion",3
"2483","position",2
"2484","positive",6
"2485","possess",2
"2486","possessed",2
"2487","possession",3
"2488","possibility",3
"2489","possible",3
"2490","possum",1
"2491","postage",1
"2492","poster",2
"2493","postman",1
"2494","postpone",1
"2495","postulate",1
"2496","posture",1
"2497","potato",16
"2498","potatoes",1
"2499","potential",2
"2500","pottery",3
"2501","pounce",1
"2502","pounds",2
"2503","poverty",2
"2504","powder",2
"2505","powerful",4
"2506","practice",1
"2507","Praise",7
"2508","Prancer",1
"2509","prankster",1
"2510","prayer",3
"2511","preach",2
"2512","preacher",4
"2513","precaution",1
"2514","precious",1
"2515","precise",4
"2516","predator",1
"2517","prefer",1
"2518","pregnant",2
"2519","prehistoric",1
"2520","prejudice",3
"2521","premises",1
"2522","prepare",1
"2523","prepared",1
"2524","prescription",1
"2525","presence",4
"2526","present",17
"2527","presentation",1
"2528","presents",1
"2529","President",21
"2530","pressure",9
"2531","presume",1
"2532","pretend",2
"2533","pretzels",1
"2534","prevent",1
"2535","preview",2
"2536","priceless",1
"2537","prices",1
"2538","prickly",2
"2539","priest",21
"2540","Primavera",1
"2541","Prince",2
"2542","princess",5
"2543","principal",1
"2544","printer",3
"2545","printing",1
"2546","priority",1
"2547","prison",14
"2548","prisoner",6
"2549","privacy",1
"2550","private",11
"2551","privileges",1
"2552","probability",2
"2553","probably",2
"2554","procedure",1
"2555","process",3
"2556","procession",1
"2557","processor",1
"2558","procrastinate",2
"2559","produce",4
"2560","produced",1
"2561","producer",3
"2562","product",5
"2563","productive",1
"2564","products",2
"2565","profanity",1
"2566","professional",4
"2567","Professor",5
"2568","program",1
"2569","progressive",1
"2570","prohibit",2
"2571","projects",1
"2572","promise",7
"2573","promotion",1
"2574","pronoun",1
"2575","propeller",1
"2576","proper",3
"2577","property",9
"2578","proprietor",1
"2579","prosecute",1
"2580","prosper",2
"2581","prostitute",1
"2582","protect",4
"2583","protected",1
"2584","protection",10
"2585","protector",2
"2586","protein",1
"2587","protest",1
"2588","Protestant",2
"2589","proton",3
"2590","protractor",1
"2591","psychiatrist",1
"2592","psychic",1
"2593","psycho",1
"2594","psychological",1
"2595","psychologist",1
"2596","psychology",13
"2597","psychotherapy",1
"2598","psychotic",2
"2599","puberty",2
"2600","public",1
"2601","publisher",1
"2602","pudding",6
"2603","puddle",1
"2604","pulley",1
"2605","pumpkin",4
"2606","punctuation",3
"2607","punish",6
"2608","punishment",9
"2609","pupils",1
"2610","purchase",4
"2611","purchaser",1
"2612","purple",10
"2613","purpose",5
"2614","pursue",1
"2615","puzzle",7
"2616","pyramid",4
"2617","Pythagorean",1
"2618","Quaker",1
"2619","quality",2
"2620","quantity",3
"2621","quarrel",1
"2622","quarter",7
"2623","queasy",1
"2624","quench",2
"2625","questionable",1
"2626","questionnaire",1
"2627","questions",1
"2628","quickly",1
"2629","quotient",1
"2630","rabbit",11
"2631","raccoon",1
"2632","racism",3
"2633","racket",1
"2634","racquet",1
"2635","racquetball",2
"2636","radiation",2
"2637","radical",2
"2638","radish",1
"2639","radius",1
"2640","raging",1
"2641","Ragtime",1
"2642","railroad",4
"2643","rainbow",2
"2644","raiser",1
"2645","raisin",3
"2646","raisins",2
"2647","ransom",2
"2648","raspberry",4
"2649","rather",2
"2650","rattan",1
"2651","rattle",2
"2652","reaction",8
"2653","reader",3
"2654","readers",1
"2655","reading",2
"2656","Reagan",2
"2657","reality",3
"2658","reappear",1
"2659","reason",15
"2660","reasons",1
"2661","rebellious",1
"2662","reborn",1
"2663","rebuild",2
"2664","recall",1
"2665","receive",10
"2666","receiving",1
"2667","recent",2
"2668","reception",1
"2669","recessive",1
"2670","recipe",1
"2671","reckless",1
"2672","recognition",1
"2673","recommend",1
"2674","reconsider",1
"2675","record",5
"2676","recorder",2
"2677","recreation",1
"2678","rectangle",1
"2679","recycle",2
"2680","reduce",1
"2681","redundant",1
"2682","Reebok",1
"2683","referee",2
"2684","refinish",1
"2685","reflect",1
"2686","reflection",1
"2687","refreshing",1
"2688","refried",1
"2689","refrigerator",4
"2690","refuge",1
"2691","refuse",5
"2692","refute",1
"2693","regard",1
"2694","region",1
"2695","register",4
"2696","regret",2
"2697","regular",7
"2698","regulation",1
"2699","regulations",2
"2700","regurgitate",1
"2701","reindeer",3
"2702","reject",6
"2703","relation",1
"2704","relationship",8
"2705","relative",13
"2706","relativity",1
"2707","relaxed",2
"2708","release",7
"2709","reliable",3
"2710","relief",3
"2711","relieve",1
"2712","religious",8
"2713","reload",1
"2714","remain",1
"2715","remark",2
"2716","remedy",2
"2717","remember",9
"2718","remorse",1
"2719","remote",4
"2720","remove",10
"2721","remover",2
"2722","Renaissance",1
"2723","reorganize",1
"2724","repair",3
"2725","repeat",5
"2726","repellant",1
"2727","repetitive",2
"2728","replace",2
"2729","replay",1
"2730","replicate",1
"2731","report",5
"2732","reporter",2
"2733","representative",2
"2734","reprimand",2
"2735","reproduce",3
"2736","reptile",4
"2737","Republic",1
"2738","Republican",4
"2739","request",1
"2740","require",1
"2741","requirement",1
"2742","rescue",1
"2743","research",6
"2744","reservation",1
"2745","residence",1
"2746","resolution",1
"2747","resort",1
"2748","respect",5
"2749","respiration",1
"2750","respond",1
"2751","response",5
"2752","responsibility",3
"2753","responsible",2
"2754","restaurant",13
"2755","resting",1
"2756","restless",1
"2757","restraint",1
"2758","restriction",1
"2759","restroom",1
"2760","result",3
"2761","resume",1
"2762","resuscitate",1
"2763","retail",1
"2764","retain",1
"2765","retarded",1
"2766","retina",1
"2767","Retractor",1
"2768","retreat",1
"2769","return",5
"2770","reveal",1
"2771","reverent",1
"2772","reverse",2
"2773","review",3
"2774","revise",1
"2775","reward",5
"2776","rhythm",2
"2777","ribbon",3
"2778","riddle",1
"2779","ridicule",1
"2780","ridiculous",2
"2781","righteousness",1
"2782","rights",3
"2783","ripped",2
"2784","ritual",2
"2785","rivalry",1
"2786","Roadrunner",1
"2787","robber",11
"2788","robbery",3
"2789","robust",1
"2790","rocket",4
"2791","rodent",6
"2792","Rogers",2
"2793","roller",1
"2794","romance",6
"2795","romantic",2
"2796","rookie",1
"2797","roommate",2
"2798","rooster",2
"2799","rotate",1
"2800","rotten",4
"2801","routine",4
"2802","rowing",1
"2803","royalty",2
"2804","rubber",8
"2805","ruffle",1
"2806","rumbles",1
"2807","runaway",1
"2808","runner",3
"2809","runway",1
"2810","rushed",1
"2811","Russia",3
"2812","sacred",2
"2813","saddle",1
"2814","sadness",1
"2815","safety",6
"2816","sailor",3
"2817","salami",1
"2818","salary",2
"2819","salesman",1
"2820","salesperson",1
"2821","saliva",1
"2822","salmon",3
"2823","saltine",2
"2824","salute",2
"2825","sample",2
"2826","sandals",2
"2827","Sanders",1
"2828","sandpaper",1
"2829","Sandra",1
"2830","sandwich",17
"2831","sarcastic",1
"2832","satanic",1
"2833","satisfaction",1
"2834","satisfied",1
"2835","Saturday",4
"2836","Saturn",3
"2837","saucer",2
"2838","saucers",1
"2839","sausage",2
"2840","savant",1
"2841","savings",1
"2842","savior",4
"2843","saxophone",5
"2844","saying",4
"2845","scales",2
"2846","scalpel",1
"2847","scapegoat",1
"2848","scarcity",1
"2849","scarecrow",1
"2850","scatter",2
"2851","scenery",2
"2852","schedule",10
"2853","scheme",3
"2854","scholar",1
"2855","scholarship",1
"2856","scientific",1
"2857","scientist",7
"2858","scissors",4
"2859","Scorpio",2
"2860","Scotch",4
"2861","Scottish",1
"2862","Scrabble",1
"2863","scramble",2
"2864","scrape",2
"2865","scratch",9
"2866","scream",6
"2867","screen",3
"2868","screwdriver",3
"2869","script",1
"2870","scroll",1
"2871","Scrooge",1
"2872","scrumptious",1
"2873","sculpture",3
"2874","scurry",1
"2875","seafood",6
"2876","seagull",1
"2877","search",6
"2878","season",2
"2879","seasoning",5
"2880","seatbelt",4
"2881","secluded",2
"2882","second",8
"2883","seconds",1
"2884","secret",20
"2885","secretary",8
"2886","secretive",1
"2887","secrets",1
"2888","section",3
"2889","secure",8
"2890","security",6
"2891","segregate",1
"2892","seldom",1
"2893","select",2
"2894","selection",2
"2895","selfish",5
"2896","seller",2
"2897","semester",1
"2898","semesters",1
"2899","semicolon",1
"2900","Senate",3
"2901","Senator",3
"2902","senior",4
"2903","sensitive",2
"2904","sentence",9
"2905","sentences",1
"2906","sentimental",1
"2907","separate",11
"2908","separated",1
"2909","September",1
"2910","serene",3
"2911","Sergeant",5
"2912","serious",3
"2913","sermon",1
"2914","servant",5
"2915","server",2
"2916","service",6
"2917","services",1
"2918","session",1
"2919","setter",1
"2920","setting",1
"2921","seventies",1
"2922","sewing",1
"2923","sexual",1
"2924","shades",1
"2925","shadow",1
"2926","Shakespeare",1
"2927","shallow",2
"2928","shampoo",7
"2929","shapely",1
"2930","sharing",1
"2931","sharpener",1
"2932","shatter",1
"2933","sheath",1
"2934","sheets",4
"2935","shells",1
"2936","shelter",3
"2937","shelves",1
"2938","Sheriff",3
"2939","shield",3
"2940","shingle",1
"2941","shiver",2
"2942","shoelace",2
"2943","shooting",1
"2944","shopper",1
"2945","shopping",9
"2946","shortage",1
"2947","shortcake",1
"2948","shorten",1
"2949","shorts",4
"2950","should",1
"2951","shoulder",3
"2952","shoulders",1
"2953","shovel",8
"2954","shower",11
"2955","shrimp",6
"2956","shrine",1
"2957","shrink",3
"2958","shrivel",1
"2959","shrunk",1
"2960","shuffle",1
"2961","shuttle",4
"2962","sibling",1
"2963","sickening",1
"2964","sickness",6
"2965","sidewalk",6
"2966","siding",1
"2967","signal",5
"2968","signature",2
"2969","significant",1
"2970","silence",4
"2971","silent",5
"2972","silver",12
"2973","similar",9
"2974","simple",6
"2975","sincere",2
"2976","sincerity",2
"2977","singer",8
"2978","singing",1
"2979","single",11
"2980","sinker",1
"2981","sinner",1
"2982","sister",12
"2983","sitting",1
"2984","situation",4
"2985","sixties",1
"2986","skeleton",2
"2987","skeptic",2
"2988","sketch",4
"2989","skillet",1
"2990","skillful",1
"2991","skinny",9
"2992","slacks",2
"2993","slander",1
"2994","slavery",1
"2995","slayer",1
"2996","sleazy",1
"2997","sleeping",1
"2998","sleepy",2
"2999","sleeve",2
"3000","sleigh",1
"3001","sleuth",1
"3002","slippers",2
"3003","slippery",5
"3004","slither",1
"3005","slobber",1
"3006","slogan",1
"3007","sloppy",5
"3008","slushy",1
"3009","smarter",1
"3010","smelly",1
"3011","Smokey",1
"3012","smoking",2
"3013","smooch",1
"3014","smooth",24
"3015","smother",1
"3016","smudge",1
"3017","snagged",1
"3018","snatch",1
"3019","sneaker",2
"3020","sneakers",1
"3021","sneaky",4
"3022","sneeze",8
"3023","Snickers",1
"3024","snifter",1
"3025","snitch",1
"3026","Snoopy",1
"3027","snooty",1
"3028","snooze",1
"3029","snorkel",2
"3030","snotty",3
"3031","snuggle",2
"3032","soaring",1
"3033","soccer",6
"3034","sociable",1
"3035","social",3
"3036","socialism",1
"3037","socialist",1
"3038","society",2
"3039","sociology",1
"3040","socket",5
"3041","Socrates",1
"3042","softener",1
"3043","software",1
"3044","soldier",13
"3045","soldiers",1
"3046","solution",5
"3047","solved",1
"3048","solvent",1
"3049","someone",1
"3050","something",5
"3051","sometime",1
"3052","sometimes",3
"3053","soothe",2
"3054","sophisticated",1
"3055","Soprano",1
"3056","sorority",4
"3057","sorrow",12
"3058","sorrowful",1
"3059","Southern",1
"3060","Soviet",1
"3061","spades",1
"3062","spaghetti",8
"3063","Spanish",7
"3064","sparkle",2
"3065","sparse",1
"3066","spastic",1
"3067","spatula",1
"3068","speaker",6
"3069","speaking",1
"3070","special",10
"3071","specific",2
"3072","spectrum",1
"3073","speech",8
"3074","spelling",1
"3075","Sphinx",1
"3076","spider",3
"3077","spigot",1
"3078","spinach",1
"3079","spiral",1
"3080","spirit",4
"3081","splice",1
"3082","splinter",2
"3083","spoiled",2
"3084","sponge",2
"3085","spontaneous",2
"3086","spoons",1
"3087","sports",14
"3088","spotless",1
"3089","spotlight",1
"3090","spouse",4
"3091","sprain",1
"3092","spread",2
"3093","spring",7
"3094","sprint",1
"3095","Spritz",1
"3096","square",17
"3097","squash",4
"3098","squeak",2
"3099","squeal",1
"3100","squeeze",3
"3101","squirm",2
"3102","squirrel",6
"3103","squirt",1
"3104","squish",3
"3105","stable",1
"3106","stadium",2
"3107","stagger",1
"3108","stains",1
"3109","staircase",1
"3110","stairs",7
"3111","stairway",1
"3112","stairwell",1
"3113","stalker",1
"3114","standard",2
"3115","standards",2
"3116","standing",1
"3117","staple",4
"3118","stapler",1
"3119","starboard",1
"3120","starch",1
"3121","starter",1
"3122","starve",3
"3123","starving",1
"3124","statement",5
"3125","States",2
"3126","station",6
"3127","statistic",1
"3128","statistics",1
"3129","statue",7
"3130","status",3
"3131","steady",2
"3132","steamed",1
"3133","steeple",1
"3134","stereo",9
"3135","stereotype",1
"3136","sterile",1
"3137","steroids",1
"3138","steward",1
"3139","stewardess",1
"3140","Stewart",1
"3141","sticker",6
"3142","sticky",15
"3143","stimulus",1
"3144","Stingray",2
"3145","stingy",2
"3146","stirred",1
"3147","Stitch",2
"3148","stocking",4
"3149","stockings",1
"3150","stocky",1
"3151","stolen",3
"3152","stomach",11
"3153","stones",1
"3154","stoplight",1
"3155","storage",7
"3156","straight",16
"3157","straighten",2
"3158","straightforward",1
"3159","strain",1
"3160","stranded",1
"3161","strange",15
"3162","stranger",1
"3163","strangle",1
"3164","strategy",1
"3165","strawberry",8
"3166","stream",6
"3167","street",25
"3168","streets",1
"3169","strength",13
"3170","stress",16
"3171","stressed",1
"3172","stretch",6
"3173","stricken",2
"3174","strict",3
"3175","strike",6
"3176","string",19
"3177","strings",1
"3178","stripe",6
"3179","stripes",1
"3180","strive",2
"3181","stroke",4
"3182","strokes",1
"3183","stroll",1
"3184","struck",1
"3185","structure",4
"3186","struggle",2
"3187","stubble",1
"3188","stubborn",3
"3189","student",10
"3190","studies",1
"3191","stuffer",1
"3192","stuffing",1
"3193","stunned",1
"3194","sturdy",1
"3195","subconscious",1
"3196","subject",4
"3197","subjective",1
"3198","submarine",4
"3199","submerge",1
"3200","submissive",1
"3201","substance",1
"3202","substitute",1
"3203","subtract",5
"3204","subtraction",1
"3205","suburb",1
"3206","subway",2
"3207","succeed",7
"3208","success",10
"3209","successful",1
"3210","sucked",1
"3211","sucker",1
"3212","sudden",2
"3213","suffer",1
"3214","suffocate",1
"3215","suggest",4
"3216","suggestion",4
"3217","suicide",2
"3218","suitcase",6
"3219","summary",4
"3220","summer",13
"3221","summit",1
"3222","Sunday",5
"3223","sunlight",1
"3224","sunrise",3
"3225","sunset",5
"3226","sunshine",6
"3227","superb",1
"3228","superego",1
"3229","superior",3
"3230","Superman",3
"3231","supermarket",2
"3232","superstition",1
"3233","supervisor",2
"3234","Superwoman",1
"3235","supper",2
"3236","supply",3
"3237","support",4
"3238","suppose",1
"3239","suppress",1
"3240","surfboard",1
"3241","surgeon",4
"3242","surgery",5
"3243","surprise",5
"3244","surrender",1
"3245","surround",1
"3246","surrounding",2
"3247","surroundings",1
"3248","survey",1
"3249","survival",1
"3250","survive",1
"3251","suspense",1
"3252","swallow",8
"3253","swatter",1
"3254","sweatband",1
"3255","sweater",6
"3256","sweetheart",1
"3257","swerve",1
"3258","swimmer",2
"3259","swimming",1
"3260","switch",4
"3261","Switzerland",1
"3262","swollen",1
"3263","symbol",1
"3264","sympathetic",2
"3265","sympathy",5
"3266","symphony",1
"3267","Synapse",1
"3268","synonym",1
"3269","synopsis",1
"3270","syringe",1
"3271","system",10
"3272","tablet",1
"3273","tackle",1
"3274","tactful",1
"3275","takeover",2
"3276","taking",1
"3277","talent",5
"3278","talented",1
"3279","talkative",1
"3280","talking",1
"3281","tangerine",1
"3282","tantrum",2
"3283","tapioca",1
"3284","target",2
"3285","tarnish",1
"3286","Tartar",1
"3287","Tarzan",1
"3288","tasteful",1
"3289","tattle",2
"3290","tavern",1
"3291","teachers",1
"3292","teapot",1
"3293","technician",2
"3294","technology",3
"3295","teenager",3
"3296","teenagers",1
"3297","teepee",1
"3298","telephone",13
"3299","telescope",2
"3300","teller",3
"3301","telling",1
"3302","temper",2
"3303","temperature",5
"3304","temple",4
"3305","temporary",1
"3306","Tennessee",1
"3307","tennis",13
"3308","tension",4
"3309","tentacles",2
"3310","tequila",1
"3311","terminate",1
"3312","terrace",1
"3313","terrible",6
"3314","terrific",4
"3315","territory",2
"3316","terror",2
"3317","terrorist",1
"3318","testament",1
"3319","testify",1
"3320","testimony",1
"3321","testosterone",1
"3322","Thanks",4
"3323","Thanksgiving",3
"3324","theater",7
"3325","theory",8
"3326","therapist",1
"3327","therapy",5
"3328","therefore",1
"3329","thermometer",2
"3330","thesaurus",1
"3331","thesis",2
"3332","things",3
"3333","thinker",1
"3334","thinking",3
"3335","thirst",6
"3336","thirsty",4
"3337","Thirteen",3
"3338","thought",23
"3339","thoughtful",2
"3340","thoughts",2
"3341","thousand",1
"3342","thread",10
"3343","threat",2
"3344","threshold",1
"3345","thrice",1
"3346","thrift",1
"3347","thrifty",1
"3348","thrill",1
"3349","thrilled",1
"3350","thriller",1
"3351","thrilling",1
"3352","throat",7
"3353","thrower",1
"3354","thunder",3
"3355","Thursday",2
"3356","ticket",9
"3357","tickle",3
"3358","tighten",2
"3359","tights",1
"3360","tiling",1
"3361","timber",1
"3362","tiresome",1
"3363","tissue",6
"3364","Titanic",1
"3365","toadstool",1
"3366","toaster",1
"3367","toasty",1
"3368","tobacco",3
"3369","toenail",2
"3370","toilet",5
"3371","tolerate",1
"3372","tomato",10
"3373","tomatoes",1
"3374","Tombstone",2
"3375","tomorrow",4
"3376","tongue",8
"3377","tonight",1
"3378","tonsil",1
"3379","toothbrush",1
"3380","toothpaste",4
"3381","tornado",6
"3382","tortoise",2
"3383","Touchdown",1
"3384","touchy",1
"3385","tourist",1
"3386","toward",1
"3387","towels",1
"3388","towering",1
"3389","towers",1
"3390","tractor",4
"3391","tradition",3
"3392","traffic",6
"3393","tragedy",4
"3394","trailer",2
"3395","traitor",1
"3396","Trance",1
"3397","tranquil",3
"3398","transparent",1
"3399","transplant",2
"3400","transportation",5
"3401","trapeze",1
"3402","trauma",1
"3403","travel",18
"3404","traveler",2
"3405","treason",1
"3406","treasure",2
"3407","treatment",2
"3408","treble",1
"3409","tremble",1
"3410","tremor",1
"3411","trespass",1
"3412","triangle",5
"3413","Tribune",1
"3414","tricky",1
"3415","tricycle",1
"3416","trillion",1
"3417","triple",1
"3418","trivial",1
"3419","Trojan",1
"3420","trophy",3
"3421","tropical",3
"3422","trouble",19
"3423","trousers",1
"3424","trumpet",9
"3425","trustworthy",3
"3426","truthful",3
"3427","truthfulness",1
"3428","trying",1
"3429","Tuesday",3
"3430","tuition",1
"3431","tumble",2
"3432","tunnel",5
"3433","turkey",7
"3434","turning",1
"3435","turnip",1
"3436","Turtle",3
"3437","tuxedo",3
"3438","tweezers",3
"3439","Twelve",3
"3440","twentieth",1
"3441","Twenty",1
"3442","twilight",1
"3443","twinkle",1
"3444","twisted",1
"3445","Twister",1
"3446","typewriter",5
"3447","typical",1
"3448","typing",1
"3449","typist",2
"3450","Tyrannosaurus",1
"3451","tyrant",1
"3452","umbrella",1
"3453","umpire",1
"3454","unable",2
"3455","unattractive",1
"3456","unaware",1
"3457","unbalanced",1
"3458","unbelievable",4
"3459","unbreakable",1
"3460","uncaring",1
"3461","uncertain",6
"3462","unclear",6
"3463","unclog",1
"3464","uncomfortable",5
"3465","uncommon",3
"3466","unconscious",7
"3467","uncooked",1
"3468","uncovered",1
"3469","undecided",2
"3470","undeclared",1
"3471","undercover",1
"3472","undergarment",1
"3473","underground",1
"3474","underline",1
"3475","understand",22
"3476","underwater",1
"3477","underwear",3
"3478","undressing",1
"3479","uneasy",4
"3480","uneducated",1
"3481","unemployment",2
"3482","unequal",2
"3483","unfair",4
"3484","unfaithful",1
"3485","unfinished",1
"3486","unfold",1
"3487","unfreeze",1
"3488","unfriendly",1
"3489","unhappy",8
"3490","unhealthy",2
"3491","unheard",1
"3492","unicorn",1
"3493","uniform",1
"3494","unimportant",1
"3495","unintentional",1
"3496","uninteresting",1
"3497","unique",8
"3498","United",1
"3499","universe",4
"3500","University",4
"3501","unjust",2
"3502","unknown",10
"3503","unlawful",2
"3504","unleaded",1
"3505","unlike",1
"3506","unlikely",1
"3507","unload",1
"3508","unlock",2
"3509","unmarried",1
"3510","unnatural",1
"3511","unnecessary",1
"3512","unnoticed",1
"3513","unorganized",1
"3514","unpack",1
"3515","unpleasant",1
"3516","unpopular",1
"3517","unprofessional",1
"3518","unravel",1
"3519","unreal",3
"3520","unreliable",1
"3521","unseen",1
"3522","unsolved",1
"3523","unstable",1
"3524","unsure",11
"3525","untamed",1
"3526","untied",1
"3527","untouched",1
"3528","untrue",3
"3529","untruthful",1
"3530","unused",2
"3531","unusual",6
"3532","unwanted",2
"3533","unwilling",1
"3534","unwind",1
"3535","unwrap",1
"3536","update",1
"3537","upgrade",1
"3538","upright",1
"3539","upstairs",3
"3540","upstream",1
"3541","uptight",1
"3542","uptown",1
"3543","Uranus",2
"3544","urgent",2
"3545","useful",1
"3546","useless",2
"3547","usually",1
"3548","utensil",2
"3549","utilize",1
"3550","vacancy",1
"3551","vacation",23
"3552","vacuum",2
"3553","Valentine",1
"3554","Valley",5
"3555","valuable",2
"3556","valuables",1
"3557","values",3
"3558","vampire",7
"3559","vanilla",5
"3560","vanish",2
"3561","vanity",1
"3562","variety",1
"3563","Vaseline",1
"3564","vegetable",14
"3565","vegetables",18
"3566","vehicle",2
"3567","Venetian",1
"3568","vengeance",1
"3569","vertebra",1
"3570","vertebrae",1
"3571","victim",4
"3572","Victor",1
"3573","Victoria",1
"3574","victory",3
"3575","Vietnam",1
"3576","Viking",1
"3577","village",1
"3578","villain",2
"3579","violation",1
"3580","violence",3
"3581","violent",7
"3582","Violet",2
"3583","violin",8
"3584","virgin",6
"3585","virtue",2
"3586","visible",1
"3587","vision",10
"3588","visitor",2
"3589","vitamin",4
"3590","vocabulary",3
"3591","volcano",6
"3592","volleyball",2
"3593","voltage",1
"3594","volunteer",1
"3595","voodoo",1
"3596","voyage",1
"3597","vulnerable",1
"3598","waddle",1
"3599","waffle",1
"3600","waffles",1
"3601","waggle",1
"3602","waiter",5
"3603","waiting",1
"3604","waitress",5
"3605","Walker",2
"3606","walking",1
"3607","walkway",2
"3608","wallet",3
"3609","walnut",1
"3610","walrus",1
"3611","wander",3
"3612","wanderer",1
"3613","wanted",2
"3614","wardrobe",1
"3615","warehouse",2
"3616","warlock",1
"3617","warmer",3
"3618","warmth",1
"3619","warning",5
"3620","warrior",2
"3621","washcloth",1
"3622","washer",4
"3623","Washington",2
"3624","wasted",2
"3625","watched",1
"3626","wavelength",2
"3627","weakness",1
"3628","wealth",10
"3629","weapon",4
"3630","weapons",1
"3631","weather",10
"3632","wedding",17
"3633","Wednesday",2
"3634","weekday",3
"3635","weekend",3
"3636","weekly",2
"3637","weight",24
"3638","weights",5
"3639","welcome",3
"3640","welfare",2
"3641","whatever",1
"3642","wheelchair",2
"3643","whiskers",1
"3644","whiskey",6
"3645","whisper",3
"3646","whistle",4
"3647","wholesome",1
"3648","wicked",2
"3649","Wicker",1
"3650","widower",1
"3651","wiggle",1
"3652","Wiggly",1
"3653","wilderness",4
"3654","willing",3
"3655","window",17
"3656","windshield",1
"3657","winner",12
"3658","winning",1
"3659","winter",11
"3660","wipers",1
"3661","wisdom",2
"3662","witchcraft",1
"3663","withdraw",2
"3664","within",3
"3665","without",2
"3666","witness",2
"3667","wobble",1
"3668","wonder",7
"3669","wonderful",8
"3670","woodwind",1
"3671","worker",16
"3672","workers",1
"3673","workout",4
"3674","worship",4
"3675","worthless",1
"3676","worthwhile",1
"3677","worthy",1
"3678","wounded",1
"3679","wrangler",1
"3680","wrench",7
"3681","wrestling",1
"3682","wrinkle",4
"3683","wristband",1
"3684","writer",7
"3685","writing",10
"3686","Yankee",1
"3687","yearly",2
"3688","yellow",25
"3689","Yellowstone",1
"3690","yesterday",3
"3691","yogurt",5
"3692","yourself",2
"3693","yuppie",1
"3694","zipper",1
"3695","zucchini",1
